Ingredient Name,Product Name,Amazon Link,ASIN,Extraction Method
"ground chicken","Fresh Is Best Freeze Dried Chicken Breast","https://www.amazon.com/s?k=Fresh+Is+Best+Freeze+Dried+Chicken+Breast&tag=robinfrench-20","B0BXZVFN6G","scrape"
"ground turkey","Diestel Free Range Ground Turkey","https://www.amazon.com/s?k=Diestel+Free+Range+Ground+Turkey&tag=robinfrench-20","B091CCD4T7","scrape"
"ground beef (lean)","US Wellness Meats Pet Burger","https://www.amazon.com/s?k=US+Wellness+Meats+Pet+Burger&tag=robinfrench-20","B07VHR2WNZ","scrape"
"ground lamb","Raw Paws Lamb Recipe Rolls","https://www.amazon.com/s?k=Raw+Paws+Lamb+Recipe&tag=robinfrench-20","B0082C00P8","scrape"
"salmon (boneless)","A Better Treat Freeze Dried Salmon","https://www.amazon.com/s?k=A+Better+Treat+Freeze+Dried+Salmon&tag=robinfrench-20","B08NCDSV82","scrape"
"chicken breast","Bell & Evans Boneless Chicken Breast","https://www.amazon.com/s?k=Bell+%26+Evans+Boneless+Chicken+Breast&tag=robinfrench-20","B0787WTY4C","scrape"
"chicken thighs","Bell & Evans Boneless Chicken Thighs","https://www.amazon.com/s?k=Bell+%26+Evans+Boneless+Chicken+Thighs&tag=robinfrench-20","B0787YFWYB","scrape"
"turkey breast","Fresh Is Best Freeze Dried Turkey Tenders","https://www.amazon.com/s?k=Fresh+Is+Best+Freeze+Dried+Turkey+Tenders&tag=robinfrench-20","B0CZRN7HXT","scrape"
"beef liver","Fresh Is Best Freeze Dried Beef Liver","https://www.amazon.com/s?k=Fresh+Is+Best+Freeze+Dried+Beef+Liver&tag=robinfrench-20","B07G3QFG8N","scrape"
"chicken liver","Fresh Is Best Freeze Dried Chicken Livers","https://www.amazon.com/s?k=Fresh+Is+Best+Freeze+Dried+Chicken+Livers&tag=robinfrench-20","B07S8JCNTH","scrape"
"chicken hearts","Vital Essentials Freeze Dried Chicken Hearts","https://www.amazon.com/s?k=Vital+Essentials+Chicken+Hearts&tag=robinfrench-20","B0BXZ3JJL9","scrape"
"sardines (canned in water)","Wild Planet Sardines in Water No Salt","https://www.amazon.com/s?k=Wild+Planet+Sardines+in+Water+No+Salt&tag=robinfrench-20","B01FUWYO2M","scrape"
"eggs","Whole Life Pet Freeze Dried Diced Eggs","https://www.amazon.com/s?k=Whole+Life+Pet+Freeze+Dried+Eggs&tag=robinfrench-20","B001DY6U9M","scrape"
"turkey giblets","Vital Essentials Freeze Dried Turkey Giblets","https://www.amazon.com/s?k=Vital+Essentials+Turkey+Giblets&tag=robinfrench-20","B0BXZ3JJL9","scrape"
"chicken giblets","Fresh Is Best Freeze Dried Chicken Giblets","https://www.amazon.com/s?k=Fresh+Is+Best+Freeze+Dried+Chicken+Giblets&tag=robinfrench-20","B0BXZVFN6G","scrape"
"duck breast","Fresh Is Best Freeze Dried Duck Breast","https://www.amazon.com/s?k=Fresh+Is+Best+Freeze+Dried+Duck+Breast&tag=robinfrench-20","B01KAOGE5U","scrape"
"venison","Fresh Is Best Freeze Dried Venison Bites","https://www.amazon.com/s?k=Fresh+Is+Best+Venison+Bites&tag=robinfrench-20","B07VHR2WNZ","scrape"
"rabbit meat","Evanger\","https://www.amazon.com/s?k=Evanger%27s+Rabbit+Grain+Free&tag=robinfrench-20","B0082C00P8","scrape"
"quail","Wholesome Beast Freeze Dried Quail Chicks","https://www.amazon.com/s?k=Wholesome+Beast+Freeze+Dried+Quail+Chicks&tag=robinfrench-20","B0DK1SJ2Z7","scrape"
"ground pork (lean)","Momentum Freeze Dried Pork Tenderloin","https://www.amazon.com/s?k=Momentum+Pork+Tenderloin+Freeze+Dried&tag=robinfrench-20","B0CLJW1P6D","scrape"
"turkey necks","Northwest Naturals Freeze Dried Turkey Necks","https://www.amazon.com/s?k=Northwest+Naturals+Freeze+Dried+Turkey+Necks&tag=robinfrench-20","B0FHJ6G2NZ","scrape"
"brown rice","Lundberg Family Farms Organic Brown Rice","https://www.amazon.com/s?k=Lundberg+Organic+Brown+Rice&tag=robinfrench-20","B072JNNB33","scrape"
"white rice","Nishiki Premium Medium Grain White Rice","https://www.amazon.com/s?k=Nishiki+Premium+Medium+Grain+White+Rice&tag=robinfrench-20","B00IDQY2PW","scrape"
"quinoa","Bob\","https://www.amazon.com/s?k=Bob%27s+Red+Mill+Organic+White+Quinoa&tag=robinfrench-20","B07ZJNYGW4","scrape"
"sweet potato","Farmer\","https://www.amazon.com/s?k=Farmer%27s+Market+Organic+Sweet+Potato+Puree&tag=robinfrench-20","B07D92VQ9C","scrape"
"pumpkin puree","Farmer\","https://www.amazon.com/s?k=Farmer%27s+Market+Organic+Pumpkin+Puree&tag=robinfrench-20","B0062A87HA","scrape"
"butternut squash","Farmer\","https://www.amazon.com/s?k=Farmer%27s+Market+Organic+Butternut+Squash+Puree&tag=robinfrench-20","B000HDCSTG","scrape"
"lentils","Bob\","https://www.amazon.com/s?k=Bob%27s+Red+Mill+Organic+Red+Lentils&tag=robinfrench-20","B000VDZ2GI","scrape"
"chickpeas","Goya Organic Chickpeas No Salt","https://www.amazon.com/s?k=Goya+Organic+Chickpeas+No+Salt&tag=robinfrench-20","B0BYPF1Y79","scrape"
"black beans","Eden Organic Black Beans No Salt","https://www.amazon.com/s?k=Eden+Organic+Black+Beans+No+Salt&tag=robinfrench-20","B094WYT2BK","scrape"
"green peas","Nature\","https://www.amazon.com/s?k=Nature%27s+Touch+Frozen+Organic+Green+Peas&tag=robinfrench-20","B074H4SHTD","scrape"
"carrots","Nature\","https://www.amazon.com/s?k=Nature%27s+Touch+Frozen+Organic+Carrots&tag=robinfrench-20","B074H64BPW","scrape"
"spinach","Earthbound Farm Organic Spinach Frozen","https://www.amazon.com/s?k=Earthbound+Farm+Organic+Spinach+Frozen&tag=robinfrench-20","B0013ABAJG","scrape"
"broccoli","Cascadian Farm Organic Broccoli Florets","https://www.amazon.com/s?k=Cascadian+Farm+Organic+Broccoli+Florets&tag=robinfrench-20","B07SV522V9","scrape"
"zucchini","Nature\","https://www.amazon.com/s?k=Nature%27s+Touch+Frozen+Organic+Zucchini&tag=robinfrench-20","B07Q9WV1LY","scrape"
"kale","Earthbound Farm Organic Kale","https://www.amazon.com/s?k=Earthbound+Farm+Organic+Kale&tag=robinfrench-20","B09VKDGT39","scrape"
"celery","Earthbound Farm Organic Celery","https://www.amazon.com/s?k=Earthbound+Farm+Organic+Celery&tag=robinfrench-20","B09VKDGT39","scrape"
"brussels sprouts","Cascadian Farm Organic Brussels Sprouts","https://www.amazon.com/s?k=Cascadian+Farm+Organic+Brussels+Sprouts&tag=robinfrench-20","B004DAQPR0","scrape"
"asparagus","Cascadian Farm Organic Asparagus Spears","https://www.amazon.com/s?k=Cascadian+Farm+Organic+Asparagus&tag=robinfrench-20","B07QV5G8HY","scrape"
"parsley","McCormick Culinary Parsley Flakes","https://www.amazon.com/s?k=McCormick+Culinary+Parsley+Flakes&tag=robinfrench-20","B0D8C4N4WY","scrape"
"cucumber","Nature\","https://www.amazon.com/s?k=Nature%27s+Touch+Frozen+Organic+Cucumber&tag=robinfrench-20","B001PLETDC","scrape"
"lettuce (romaine)","Organic Girl Romaine Lettuce","https://www.amazon.com/s?k=Organic+Girl+Romaine+Lettuce&tag=robinfrench-20","B0F3YTY4XQ","scrape"
"arugula","Organic Girl Baby Arugula","https://www.amazon.com/s?k=Organic+Girl+Baby+Arugula&tag=robinfrench-20","B00JXR8RYW","scrape"
"endive","Organic Endive Greens","https://www.amazon.com/s?k=Organic+Endive+Greens&tag=robinfrench-20","B0006L2XNK","scrape"
"escarole","Organic Escarole Greens","https://www.amazon.com/s?k=Organic+Escarole+Greens&tag=robinfrench-20","B084ZVBGQ6","scrape"
"dandelion greens","Organic Dandelion Greens","https://www.amazon.com/s?k=Organic+Dandelion+Greens&tag=robinfrench-20","B000WR4A5M","scrape"
"collard greens","Organic Collard Greens","https://www.amazon.com/s?k=Organic+Collard+Greens&tag=robinfrench-20","B000P6H23W","scrape"
"mustard greens","Organic Mustard Greens","https://www.amazon.com/s?k=Organic+Mustard+Greens&tag=robinfrench-20","B094JT2CCH","scrape"
"turnip greens","Organic Turnip Greens","https://www.amazon.com/s?k=Organic+Turnip+Greens&tag=robinfrench-20","B09HQH6WZT","scrape"
"beet greens","Organic Beet Greens","https://www.amazon.com/s?k=Organic+Beet+Greens&tag=robinfrench-20","B0F9LNFLTK","scrape"
"radish greens","Organic Radish Greens","https://www.amazon.com/s?k=Organic+Radish+Greens&tag=robinfrench-20","B07CHNV4S1","scrape"
"coconut oil","Nutiva Organic Virgin Coconut Oil","https://www.amazon.com/s?k=Nutiva+Organic+Virgin+Coconut+Oil&tag=robinfrench-20","B00UHCJKVG","scrape"
"olive oil","California Olive Ranch Extra Virgin Olive Oil","https://www.amazon.com/s?k=California+Olive+Ranch+Extra+Virgin+Olive+Oil&tag=robinfrench-20","B00GGBLPVU","scrape"
"salmon oil","Grizzly Salmon Plus Omega-3 Oil","https://www.amazon.com/s?k=Grizzly+Salmon+Plus+Omega-3+Oil&tag=robinfrench-20","B09RYYWHH1","scrape"
"flaxseed oil","Barlean\","https://www.amazon.com/s?k=Barlean%27s+Organic+Flax+Oil&tag=robinfrench-20","B002VLZ830","scrape"
"fish oil","Nordic Naturals Omega-3 Pet","https://www.amazon.com/s?k=Nordic+Naturals+Omega-3+Pet&tag=robinfrench-20","B00CBY93XS","scrape"
"taurine powder","NOW Supplements Taurine Powder 8 oz","https://www.amazon.com/s?k=NOW+Supplements+Taurine+Powder+8+oz&tag=robinfrench-20","B00VAOKFO6","scrape"
"calcium carbonate","NOW Supplements Calcium Carbonate Powder","https://www.amazon.com/s?k=NOW+Supplements+Calcium+Carbonate+Powder&tag=robinfrench-20","B004421K68","scrape"
"vitamin e","Solgar Vitamin E 400 IU","https://www.amazon.com/s?k=Solgar+Vitamin+E+400+IU&tag=robinfrench-20","B01I5OB3LW","scrape"
"b-complex","Thorne B-Complex #12","https://www.amazon.com/s?k=Thorne+B-Complex+%2312&tag=robinfrench-20","B01INRFW0E","scrape"
"probiotic powder","Purina FortiFlora Probiotic Supplement","https://www.amazon.com/s?k=Purina+FortiFlora+Probiotic+Supplement&tag=robinfrench-20","B0BGV8L7L2","scrape"
"psyllium husk","Organic India Whole Husk Psyllium","https://www.amazon.com/s?k=Organic+India+Whole+Husk+Psyllium&tag=robinfrench-20","B0016AXN7A","scrape"
"joint supplement","Cosequin DS Plus MSM for Dogs","https://www.amazon.com/s?k=Cosequin+DS+Plus+MSM+Dogs&tag=robinfrench-20","B003ULL1NQ","scrape"
"omega-3 capsules","Nordic Naturals Omega-3 Pet Capsules","https://www.amazon.com/s?k=Nordic+Naturals+Omega-3+Pet+Capsules&tag=robinfrench-20","B004OA5XP4","scrape"
"digestive enzymes","NaturVet Digestive Enzymes Plus Probiotics","https://www.amazon.com/s?k=NaturVet+Digestive+Enzymes+Plus+Probiotics&tag=robinfrench-20","B00O6FINFO","scrape"
"hairball paste","Tomlyn Laxatone Hairball Remedy","https://www.amazon.com/s?k=Tomlyn+Laxatone+Hairball+Remedy&tag=robinfrench-20","B07B282MR4","scrape"
"chicken broth","Brutus Bone Broth for Dogs No Salt","https://www.amazon.com/s?k=Brutus+Bone+Broth+Dogs+No+Salt&tag=robinfrench-20","B07DFNP37Y","scrape"
"vitamin e oil","NOW Solutions Vitamin E Oil","https://www.amazon.com/s?k=NOW+Solutions+Vitamin+E+Oil&tag=robinfrench-20","B0DZ5ZCC85","scrape"
"millet (white/red)","Lafeber\","https://www.amazon.com/s?k=Lafeber%27s+Parrot+Food+White+Millet+Spray&tag=robinfrench-20","B0002DH3FU","scrape"
"canary seed","Lafeber\","https://www.amazon.com/s?k=Lafeber%27s+Parrot+Food+Canary+Seed&tag=robinfrench-20","B00027ZVG4","scrape"
"niger seed","Lafeber\","https://www.amazon.com/s?k=Lafeber%27s+Parrot+Food+Niger+Seed&tag=robinfrench-20","B086211R4H","scrape"
"oat groats","Lafeber\","https://www.amazon.com/s?k=Lafeber%27s+Parrot+Food+Oat+Groats&tag=robinfrench-20","B086211R4H","scrape"
"hemp seeds","Lafeber\","https://www.amazon.com/s?k=Lafeber%27s+Parrot+Food+Hemp+Seed&tag=robinfrench-20","B086211R4H","scrape"
"flaxseeds","Lafeber\","https://www.amazon.com/s?k=Lafeber%27s+Parrot+Food+Flax+Seed&tag=robinfrench-20","B00027ZVG4","scrape"
"sesame seeds","Lafeber\","https://www.amazon.com/s?k=Lafeber%27s+Parrot+Food+Sesame+Seed&tag=robinfrench-20","B086211R4H","scrape"
"chia seeds","Lafeber\","https://www.amazon.com/s?k=Lafeber%27s+Parrot+Food+Chia+Seed&tag=robinfrench-20","B086211R4H","scrape"
"quinoa (cooked)","Lafeber\","https://www.amazon.com/s?k=Lafeber%27s+Parrot+Food+Cooked+Quinoa&tag=robinfrench-20","B001CCOVB4","scrape"
"rapeseed","Lafeber\","https://www.amazon.com/s?k=Lafeber%27s+Parrot+Food+Rapeseed&tag=robinfrench-20","B00027ZVG4","scrape"
"sunflower seeds (small amounts)","Lafeber\","https://www.amazon.com/s?k=Lafeber%27s+Parrot+Food+Sunflower+Seed&tag=robinfrench-20","B00027ZVG4","scrape"
"pumpkin seeds","Lafeber\","https://www.amazon.com/s?k=Lafeber%27s+Parrot+Food+Pumpkin+Seed&tag=robinfrench-20","B00027ZVG4","scrape"
"bell peppers","Earthbound Farm Organic Bell Peppers","https://www.amazon.com/s?k=Earthbound+Farm+Organic+Bell+Peppers&tag=robinfrench-20","B000P6J14K","scrape"
"corn (fresh)","Cascadian Farm Organic Corn on the Cob","https://www.amazon.com/s?k=Cascadian+Farm+Organic+Corn+on+the+Cob&tag=robinfrench-20","B000REL738","scrape"
"apples (no seeds)","Organic Honeycrisp Apples","https://www.amazon.com/s?k=Organic+Honeycrisp+Apples&tag=robinfrench-20","B00AR0TG44","scrape"
"blueberries","Driscoll\","https://www.amazon.com/s?k=Driscoll%27s+Organic+Blueberries&tag=robinfrench-20","B07Z568Y3N","scrape"
"strawberries","Driscoll\","https://www.amazon.com/s?k=Driscoll%27s+Organic+Strawberries&tag=robinfrench-20","B002B8Z98W","scrape"
"mango","Organic Mango","https://www.amazon.com/s?k=Organic+Mango&tag=robinfrench-20","B00WM6CHFQ","scrape"
"banana","Organic Bananas","https://www.amazon.com/s?k=Organic+Bananas&tag=robinfrench-20","B07ZLFKBFD","scrape"
"grapes (chopped)","Organic Red Seedless Grapes","https://www.amazon.com/s?k=Organic+Red+Seedless+Grapes&tag=robinfrench-20","B000RGYJI6","scrape"
"papaya","Organic Papaya","https://www.amazon.com/s?k=Organic+Papaya&tag=robinfrench-20","B07FZ159ZB","scrape"
"melon","Organic Cantaloupe Melon","https://www.amazon.com/s?k=Organic+Cantaloupe+Melon&tag=robinfrench-20","B000NSGULC","scrape"
"egg (hard-boiled)","Vital Essentials Freeze Dried Egg Yolk Treats","https://www.amazon.com/s?k=Vital+Essentials+Freeze+Dried+Egg+Yolk&tag=robinfrench-20","B0BWBNT8JX","scrape"
"pellets (fortified)","Lafeber\","https://www.amazon.com/s?k=Lafeber%27s+Parrot+Food+Pellets&tag=robinfrench-20","B086211R4H","scrape"
"cuttlebone","Lafeber\","https://www.amazon.com/s?k=Lafeber%27s+Parrot+Food+Cuttlebone&tag=robinfrench-20","B00027ZVG4","scrape"
"honey (tiny amounts)","Local Raw Honey","https://www.amazon.com/s?k=Local+Raw+Honey&tag=robinfrench-20","B0791X9GSG","scrape"
"peanut butter (unsalted, tiny amounts)","Teddie All Natural Peanut Butter","https://www.amazon.com/s?k=Teddie+All+Natural+Peanut+Butter&tag=robinfrench-20","B06ZXZ3JPZ","scrape"
"dubia roaches","Josh\","https://www.amazon.com/s?k=Josh%27s+Frogs+Dubia+Roaches&tag=robinfrench-20","B09QD6PBB8","scrape"
"crickets","Fluker\","https://www.amazon.com/s?k=Fluker%27s+Live+Crickets&tag=robinfrench-20","B000YFGS52","scrape"
"mealworms","Fluker\","https://www.amazon.com/s?k=Fluker%27s+Freeze+Dried+Mealworms&tag=robinfrench-20","B07TKDYMMP","scrape"
"superworms","Josh\","https://www.amazon.com/s?k=Josh%27s+Frogs+Superworms&tag=robinfrench-20","B01018SX5Y","scrape"
"black soldier fly larvae","Grubblies Black Soldier Fly Larvae","https://www.amazon.com/s?k=Grubblies+Black+Soldier+Fly+Larvae&tag=robinfrench-20","B0BLZ88Q3R","scrape"
"hornworms","Josh\","https://www.amazon.com/s?k=Josh%27s+Frogs+Hornworms&tag=robinfrench-20","B09Y4RTNK9","scrape"
"acorn squash","Organic Acorn Squash","https://www.amazon.com/s?k=Organic+Acorn+Squash&tag=robinfrench-20","B07FZ34ZS4","scrape"
"figs","Organic Dried Figs","https://www.amazon.com/s?k=Organic+Dried+Figs&tag=robinfrench-20","B08MDKF98D","scrape"
"timothy hay","Oxbow Animal Health Western Timothy Hay","https://www.amazon.com/s?k=Oxbow+Animal+Health+Western+Timothy+Hay&tag=robinfrench-20","B006AYMMRY","scrape"
"meadow hay","Small Pet Select Meadow Hay","https://www.amazon.com/s?k=Small+Pet+Select+Meadow+Hay&tag=robinfrench-20","B07CJ2FRNC","scrape"
"orchard grass hay","Oxbow Animal Health Orchard Grass Hay","https://www.amazon.com/s?k=Oxbow+Animal+Health+Orchard+Grass+Hay&tag=robinfrench-20","B00S6Y8MHU","scrape"
"alfalfa hay","Kaytee Natural Alfalfa Hay","https://www.amazon.com/s?k=Kaytee+Natural+Alfalfa+Hay&tag=robinfrench-20","B0CM34Z4BQ","scrape"
"romaine lettuce","Organic Girl Romaine Lettuce","https://www.amazon.com/s?k=Organic+Girl+Romaine+Lettuce&tag=robinfrench-20","B0F3YTY4XQ","scrape"
"cilantro","Organic Cilantro","https://www.amazon.com/s?k=Organic+Cilantro&tag=robinfrench-20","B07M9FWTRC","scrape"
"basil","Organic Basil","https://www.amazon.com/s?k=Organic+Basil&tag=robinfrench-20","B097F282FC","scrape"
"duck hearts","Vital Essentials Freeze Dried Duck Hearts","https://www.amazon.com/s?k=Vital%20Essentials%20freeze%20dried%20duck%20hearts&tag=robinfrench-20","B0BWBNT8JX","scrape"
"lamb liver","Stella & Chewy\","https://www.amazon.com/s?k=freeze%20dried%20lamb%20liver%20Stella%20%26%20Chewy%27s&tag=robinfrench-20","B0015G862M","scrape"
"duck liver","Vital Essentials Freeze Dried Duck Liver","https://www.amazon.com/s?k=freeze%20dried%20duck%20liver%20Vital%20Essentials&tag=robinfrench-20","B0BWBV5PRJ","scrape"
"chicken necks","Raw Paws Pet Food Raw Chicken Necks","https://www.amazon.com/s?k=Raw%20Paws%20Pet%20Food%20raw%20chicken%20necks&tag=robinfrench-20","B0821PF71M","scrape"
"turkey thighs","Boneless Skinless Turkey Thighs","https://www.amazon.com/s?k=boneless%20skinless%20turkey%20thighs&tag=robinfrench-20","B00AR100NE","scrape"
"ground duck","Raw Paws Pet Food Raw Ground Duck","https://www.amazon.com/s?k=raw%20ground%20duck%20pet%20food&tag=robinfrench-20","B0BY3CNR3Q","scrape"
"ground lamb (lean)","Lean Ground Lamb Meat","https://www.amazon.com/s?k=lean%20ground%20lamb%20meat&tag=robinfrench-20","B088Y2N6WC","scrape"
"ground herring","K9 Natural Hoki Fish Blend","https://www.amazon.com/s?k=K9%20Natural%20Hoki%20fish%20blend&tag=robinfrench-20","B00B3G89MQ","scrape"
"ground mackerel","Northwest Naturals Raw Fish Blend","https://www.amazon.com/s?k=Northwest%20Naturals%20raw%20fish%20blend&tag=robinfrench-20","B079Z4MZTG","scrape"
"mackerel (canned)","Wild Planet Canned Mackerel","https://www.amazon.com/s?k=Wild%20Planet%20canned%20mackerel%20no%20salt&tag=robinfrench-20","B017J9X8IA","scrape"
"herring (canned)","Crown Prince Canned Herring","https://www.amazon.com/s?k=canned%20herring%20no%20salt%20in%20water%20Crown%20Prince&tag=robinfrench-20","B01FUWYO2M","scrape"
"chicken sausage (no additives)","Applegate Naturals Chicken Sausage","https://www.amazon.com/s?k=Applegate%20Naturals%20chicken%20sausage%20no%20nitrates&tag=robinfrench-20","B001JO4O80","scrape"
"turkey sausage (no additives)","Applegate Naturals Turkey Sausage","https://www.amazon.com/s?k=Applegate%20turkey%20sausage%20no%20sugar%20no%20nitrates&tag=robinfrench-20","B00I2VLI5A","scrape"
"ground pork (lean, small amounts)","Lean Ground Pork","https://www.amazon.com/s?k=lean%20ground%20pork%20for%20human%20consumption&tag=robinfrench-20","B01H0AI6J4","scrape"
"regular potato","Fresh Russet Potatoes","https://www.amazon.com/s?k=fresh%20russet%20potatoes&tag=robinfrench-20","B09SHBJWBR","scrape"
"walnut oil","La Tourangelle Walnut Oil","https://www.amazon.com/s?k=La%20Tourangelle%20walnut%20oil%20cold%20pressed&tag=robinfrench-20","B00QGWLZ3C","scrape"
"black currant oil","NOW Foods Black Currant Seed Oil","https://www.amazon.com/s?k=black%20currant%20seed%20oil%20NOW%20Foods&tag=robinfrench-20","B01FXEM0BY","scrape"
"almond oil","Viva Naturals Sweet Almond Oil","https://www.amazon.com/s?k=Viva%20Naturals%20sweet%20almond%20oil%20cold%20pressed%20edible&tag=robinfrench-20","B0BXMMDNJ8","scrape"
"sunflower oil","High Oleic Sunflower Oil Cold Pressed","https://www.amazon.com/s?k=high%20oleic%20sunflower%20oil%20cold%20pressed&tag=robinfrench-20","B00MNTRVPS","scrape"
"chia seed oil","Healthworks Organic Chia Seed Oil","https://www.amazon.com/s?k=organic%20chia%20seed%20oil%20Healthworks&tag=robinfrench-20","B00WM6CHFQ","scrape"
"herring oil","Nordic Naturals Pet Herring Oil","https://www.amazon.com/s?k=Nordic%20Naturals%20pet%20herring%20oil&tag=robinfrench-20","B00CBY93XS","scrape"
"anchovy oil","Carlson Labs Fish Oil Anchovy","https://www.amazon.com/s?k=Carlson%20Labs%20fish%20oil%20anchovy&tag=robinfrench-20","B0FDNB2DVS","scrape"
"evening primrose oil","Nature\","https://www.amazon.com/s?k=evening%20primrose%20oil%20supplement%20Nature%27s%20Way&tag=robinfrench-20","B07FPBQ31W","scrape"
"mackerel oil","Jarrow Formulas Fish Oil Supplement","https://www.amazon.com/s?k=Jarrow%20Formulas%20fish%20oil%20supplement&tag=robinfrench-20","B01NBTJFJB","scrape"
"sardine oil","Zesty Paws Sardine Oil for Dogs","https://www.amazon.com/s?k=Zesty%20Paws%20sardine%20oil%20for%20dogs&tag=robinfrench-20","B0CXKHT5K2","scrape"
"borage oil","NOW Foods Borage Oil Softgels","https://www.amazon.com/s?k=borage%20oil%20softgels%20NOW%20Foods&tag=robinfrench-20","B01FXEM0BY","scrape"
"sesame oil","Spectrum Cold Pressed Sesame Oil","https://www.amazon.com/s?k=cold%20pressed%20sesame%20oil%20Spectrum&tag=robinfrench-20","B0797GTG2C","scrape"
"avocado oil","Chosen Foods Pure Avocado Oil","https://www.amazon.com/s?k=Chosen%20Foods%20avocado%20oil%20pure&tag=robinfrench-20","B0C3WCRNPN","scrape"
"avocado oil (tiny amounts)","Chosen Foods Pure Avocado Oil","https://www.amazon.com/s?k=Chosen%20Foods%20avocado%20oil%20pure&tag=robinfrench-20","B0C3WCRNPN","scrape"
"wheat germ oil","NOW Foods Wheat Germ Oil Liquid","https://www.amazon.com/s?k=wheat%20germ%20oil%20liquid%20NOW%20Foods%20edible&tag=robinfrench-20","B001GAOHK2","scrape"
"krill oil","Kori Krill Oil Pure Supplement","https://www.amazon.com/s?k=Kori%20Krill%20Oil%20pure%20supplement&tag=robinfrench-20","B004HIQ9CY","scrape"
"algae oil (dha)","Nordic Naturals Algae Omega DHA","https://www.amazon.com/s?k=Nordic%20Naturals%20Algae%20Omega%20DHA&tag=robinfrench-20","B079J5YZSS","scrape"
"omega-3 oil","Grizzly Salmon Oil for Pets","https://www.amazon.com/s?k=Grizzly%20Salmon%20Oil%20for%20pets&tag=robinfrench-20","B09RYYWHH1","scrape"
"kelp powder","NOW Foods Organic Kelp Powder","https://www.amazon.com/s?k=NOW%20Foods%20organic%20kelp%20powder&tag=robinfrench-20","B0002JG1GG","scrape"
"joint health powder","Nutramax Dasuquin Joint Health Powder","https://www.amazon.com/s?k=Dasuquin%20joint%20health%20powder%20for%20pets&tag=robinfrench-20","B00PXK1G50","scrape"
"amino acid supplement","Purina Pro Plan Amino Acid Supplement","https://www.amazon.com/s?k=Purina%20Pro%20Plan%20amino%20acid%20supplement&tag=robinfrench-20","B0C2JFLZHF","scrape"
"calcium supplement","Thomas Labs Calcium Carbonate Powder","https://www.amazon.com/s?k=calcium%20carbonate%20powder%20unflavored%20Thomas%20Labs&tag=robinfrench-20","B0CKNK682W","scrape"
"spirulina powder","Vimergy Organic Spirulina Powder","https://www.amazon.com/s?k=organic%20spirulina%20powder%20Vimergy%20high%20purity&tag=robinfrench-20","B08S4982CC","scrape"
"electrolyte powder","ReptoBoost Electrolyte Powder","https://www.amazon.com/s?k=ReptoBoost%20electrolyte%20powder%20for%20reptiles&tag=robinfrench-20","B0FMZHN6M1","scrape"
"vitamin d3 drops","Ddrops Liquid Vitamin D3 Drops","https://www.amazon.com/s?k=Vitamin%20D3%20drops%201000%20IU%20Ddrops&tag=robinfrench-20","B0062QD5LM","scrape"
"s yeast","Bob\","https://www.amazon.com/s?k=brewer%27s%20yeast%20flakes%20unfortified%20Bob%27s%20Red%20Mill&tag=robinfrench-20","B084JL2R77","scrape"
"buckwheat","Bob\","https://www.amazon.com/s?k=Bob%27s%20Red%20Mill%20raw%20hulled%20buckwheat%20groats&tag=robinfrench-20","B00KQ17MDG","scrape"
"buckwheat (tiny amounts)","Bob\","https://www.amazon.com/s?k=Bob%27s%20Red%20Mill%20raw%20hulled%20buckwheat%20groats&tag=robinfrench-20","B00KQ17MDG","scrape"
"buckwheat (hulled)","Anthony\","https://www.amazon.com/s?k=hulled%20buckwheat%20groats%20Anthony%27s%20Goods&tag=robinfrench-20","B0D15QDVW7","scrape"
"sorghum","Bob\","https://www.amazon.com/s?k=whole%20grain%20sorghum%20Bob%27s%20Red%20Mill&tag=robinfrench-20","B0FKBVN6XP","scrape"
"barley","Bob\","https://www.amazon.com/s?k=Bob%27s%20Red%20Mill%20hulled%20barley%20grain&tag=robinfrench-20","B0D481997Z","scrape"
"barley (cooked, minimal)","Bob\","https://www.amazon.com/s?k=Bob%27s%20Red%20Mill%20hulled%20barley%20grain&tag=robinfrench-20","B00QKP257A","scrape"
"barley (hulled)","Bob\","https://www.amazon.com/s?k=Bob%27s%20Red%20Mill%20hulled%20barley%20grain&tag=robinfrench-20","B00QKP257A","scrape"
"millet","Bob\","https://www.amazon.com/s?k=whole%20grain%20millet%20Bob%27s%20Red%20Mill&tag=robinfrench-20","B0FKBVN6XP","scrape"
"millet (tiny amounts)","Bob\","https://www.amazon.com/s?k=whole%20grain%20millet%20Bob%27s%20Red%20Mill&tag=robinfrench-20","B07XPCWYP2","scrape"
"farro","Bob\","https://www.amazon.com/s?k=Bob%27s%20Red%20Mill%20farro%20grain&tag=robinfrench-20","B0FKBVN6XP","scrape"
"bulgur","Bob\","https://www.amazon.com/s?k=fine%20bulgur%20wheat%20Bob%27s%20Red%20Mill&tag=robinfrench-20","B081DQ5NG5","scrape"
"amaranth (tiny amounts)","Bob\","https://www.amazon.com/s?k=whole%20grain%20amaranth%20seed%20Bob%27s%20Red%20Mill&tag=robinfrench-20","B000V1O40U","scrape"
"amaranth seeds","Bob\","https://www.amazon.com/s?k=whole%20grain%20amaranth%20seed%20Bob%27s%20Red%20Mill&tag=robinfrench-20","B000V1O40U","scrape"
"teff seeds","Bob\","https://www.amazon.com/s?k=Bob%27s%20Red%20Mill%20whole%20grain%20teff%20seeds&tag=robinfrench-20","B0FKBVN6XP","scrape"
"wheat (hulled)","Bob\","https://www.amazon.com/s?k=whole%20hulled%20wheat%20berries%20Bob%27s%20Red%20Mill&tag=robinfrench-20","B000YFB5NC","scrape"
"oat bran (small amounts)","Bob\","https://www.amazon.com/s?k=pure%20oat%20bran%20cereal%20Bob%27s%20Red%20Mill&tag=robinfrench-20","B07CC9RF6Y","scrape"
"oatmeal (cooked, small amounts)","Quaker Rolled Oats Old Fashioned","https://www.amazon.com/s?k=Quaker%20rolled%20oats%20old%20fashioned&tag=robinfrench-20","B00CTLAIH8","scrape"
"corn (cracked)","Scratch and Peck Cracked Corn Non-GMO","https://www.amazon.com/s?k=Scratch%20and%20Peck%20cracked%20corn%20non-gmo&tag=robinfrench-20","B01HHGD81C","scrape"
"safflower seeds","Wagner\","https://www.amazon.com/s?k=pure%20safflower%20seed%20bird%20food%20Wagner%27s&tag=robinfrench-20","B0FWLFGG21","scrape"
"nyjer seeds","Wagner\","https://www.amazon.com/s?k=nyjer%20seed%20bird%20food%20Kaytee&tag=robinfrench-20","B0D6688V7C","scrape"
"bok choi","Fresh Baby Bok Choy","https://www.amazon.com/s?k=fresh%20baby%20bok%20choy&tag=robinfrench-20","B0FN4YGSK6","scrape"
"bok choy (small amounts)","Fresh Baby Bok Choy","https://www.amazon.com/s?k=fresh%20baby%20bok%20choy&tag=robinfrench-20","B0FN4YGSK6","scrape"
"navy beans (mashed)","Goya Canned Navy Beans Low Sodium","https://www.amazon.com/s?k=canned%20navy%20beans%20low%20sodium%20Goya&tag=robinfrench-20","B006AZE13G","scrape"
"kidney beans (mashed)","Goya Canned Dark Red Kidney Beans Low Sodium","https://www.amazon.com/s?k=canned%20dark%20red%20kidney%20beans%20low%20sodium&tag=robinfrench-20","B00552005I","scrape"
"kidney beans (mashed, tiny amounts)","Goya Canned Dark Red Kidney Beans Low Sodium","https://www.amazon.com/s?k=canned%20dark%20red%20kidney%20beans%20low%20sodium&tag=robinfrench-20","B00552005I","scrape"
"pinto beans (mashed)","Bush\","https://www.amazon.com/s?k=canned%20pinto%20beans%20low%20sodium%20Bush%27s&tag=robinfrench-20","B0C4G2PR58","scrape"
"purslane","Fresh Purslane Leaves","https://www.amazon.com/s?k=fresh%20purslane%20leaves&tag=robinfrench-20","B09MDXM2YQ","scrape"
"purslane (small amounts)","Fresh Purslane Leaves","https://www.amazon.com/s?k=fresh%20purslane%20leaves&tag=robinfrench-20","B0BWY8JWVL","scrape"
"s lettuce","Miner\","https://www.amazon.com/s?k=miner%27s%20lettuce%20seeds%20for%20planting&tag=robinfrench-20","B0D3J7FZFD","scrape"
"flaxseed (ground)","Bob\","https://www.amazon.com/s?k=organic%20ground%20flaxseed%20meal%20Bob%27s%20Red%20Mill&tag=robinfrench-20","B075XC6C69","scrape"
"fennel","Fresh Fennel Bulb","https://www.amazon.com/s?k=fresh%20fennel%20bulb&tag=robinfrench-20","B00E3J6RC4","scrape"
"delicata squash","Fresh Delicata Squash","https://www.amazon.com/s?k=fresh%20delicata%20squash&tag=robinfrench-20","B07KHH8K4L","scrape"
"yellow squash","Fresh Yellow Summer Squash","https://www.amazon.com/s?k=fresh%20yellow%20summer%20squash&tag=robinfrench-20","B08QVBFGDC","scrape"
"leeks","Fresh Leeks","https://www.amazon.com/s?k=fresh%20leeks&tag=robinfrench-20","B09HQJGQDG","scrape"
"shallots","Fresh Shallots","https://www.amazon.com/s?k=fresh%20shallots&tag=robinfrench-20","B09B2ZWHKQ","scrape"
"tomatoes (small amounts)","Fresh Ripe Vine Tomatoes","https://www.amazon.com/s?k=fresh%20ripe%20vine%20tomatoes&tag=robinfrench-20","B086WX15TH","scrape"
"napa cabbage","Fresh Napa Cabbage","https://www.amazon.com/s?k=fresh%20napa%20cabbage&tag=robinfrench-20","B07FTVYNM3","scrape"
"napa cabbage (small amounts)","Fresh Napa Cabbage","https://www.amazon.com/s?k=fresh%20napa%20cabbage&tag=robinfrench-20","B079VV1K9L","scrape"
"artichokes","Fresh Artichoke Hearts","https://www.amazon.com/s?k=fresh%20artichoke%20hearts&tag=robinfrench-20","B0DF91JXND","scrape"
"frisee","Fresh Frisee Lettuce","https://www.amazon.com/s?k=fresh%20frisee%20lettuce&tag=robinfrench-20","B07FZGKZL4","scrape"
"radicchio","Fresh Radicchio Lettuce","https://www.amazon.com/s?k=fresh%20radicchio%20lettuce&tag=robinfrench-20","B00BJPTZLA","scrape"
"red cabbage","Fresh Red Cabbage Head","https://www.amazon.com/s?k=fresh%20red%20cabbage%20head&tag=robinfrench-20","B000RH1MXK","scrape"
"green cabbage","Fresh Green Cabbage Head","https://www.amazon.com/s?k=fresh%20green%20cabbage%20head&tag=robinfrench-20","B09HQGDCKV","scrape"
"swiss chard","Fresh Swiss Chard","https://www.amazon.com/s?k=fresh%20swiss%20chard&tag=robinfrench-20","B07F12P248","scrape"
"swiss chard (cooked, tiny amounts)","Fresh Swiss Chard","https://www.amazon.com/s?k=fresh%20swiss%20chard&tag=robinfrench-20","B07F12P248","scrape"
"lettuce (romaine, small amounts)","Fresh Romaine Lettuce Hearts","https://www.amazon.com/s?k=fresh%20romaine%20lettuce%20hearts&tag=robinfrench-20","B074H5J9G2","scrape"
"red leaf lettuce","Fresh Red Leaf Lettuce","https://www.amazon.com/s?k=fresh%20red%20leaf%20lettuce&tag=robinfrench-20","B0BX76BG5V","scrape"
"mache","Fresh Mache Lamb\","https://www.amazon.com/s?k=fresh%20mache%20lamb%27s%20lettuce&tag=robinfrench-20","B00AWLAQFG","scrape"
"alfalfa sprouts (small amounts)","Fresh Alfalfa Sprouts","https://www.amazon.com/s?k=fresh%20alfalfa%20sprouts&tag=robinfrench-20","B0DFZTWLTY","scrape"
"cat grass (wheatgrass)","SmartyKat Cat Grass Growing Kit Wheatgrass","https://www.amazon.com/s?k=Cat%20Grass%20growing%20kit%20wheatgrass%20SmartyKat&tag=robinfrench-20","B0D45F9TGG","scrape"
"squash (cooked)","Fresh Butternut Squash","https://www.amazon.com/s?k=fresh%20butternut%20squash&tag=robinfrench-20","B002QY3U5A","scrape"
"s quarters","Lamb\","https://www.amazon.com/s?k=lamb%27s%20quarters%20seeds&tag=robinfrench-20","B0DYPHGW89","scrape"
"amaranth leaves","Fresh Amaranth Leaves","https://www.amazon.com/s?k=fresh%20amaranth%20leaves&tag=robinfrench-20","B0F2YRBGS6","scrape"
"ginger (small amounts)","Simply Organic Fresh Ginger Root","https://www.amazon.com/s?k=organic%20ginger%20root%20fresh&tag=robinfrench-20","B0C6V3416T","scrape"
"turmeric","Simply Organic Pure Turmeric Powder","https://www.amazon.com/s?k=Simply%20Organic%20pure%20turmeric%20powder&tag=robinfrench-20","B018GPDCV4","scrape"
"rosemary","Frontier Co-op Dried Organic Rosemary","https://www.amazon.com/s?k=Frontier%20Co-op%20dried%20organic%20rosemary&tag=robinfrench-20","B004JWLMNY","scrape"
"sage","Simply Organic Dried Sage Leaf","https://www.amazon.com/s?k=Simply%20Organic%20dried%20sage%20leaf&tag=robinfrench-20","B0CH3R9TVY","scrape"
"mint","Fresh Mint Leaves","https://www.amazon.com/s?k=fresh%20mint%20leaves&tag=robinfrench-20","B097F3NT7N","scrape"
"garlic chives","Fresh Garlic Chives","https://www.amazon.com/s?k=fresh%20garlic%20chives&tag=robinfrench-20","B097F3J1PY","scrape"
"raisins (unsweetened)","Sun-Maid Organic Raisins Unsweetened","https://www.amazon.com/s?k=organic%20raisins%20unsweetened%20no%20oil%20Sun-Maid&tag=robinfrench-20","B01GXPRIQY","scrape"
"plums (pitted)","Fresh Plums Pitted","https://www.amazon.com/s?k=fresh%20plums%20pitted&tag=robinfrench-20","B07P6Z8L76","scrape"
"apricots (pitted)","NOW Foods Dried Apricots Unsulphured","https://www.amazon.com/s?k=dried%20apricots%20unsulphured%20no%20sugar%20NOW%20Foods&tag=robinfrench-20","B07FZWBPC5","scrape"
"kiwi","Fresh Kiwi Fruit","https://www.amazon.com/s?k=fresh%20kiwi%20fruit&tag=robinfrench-20","B01LASWK7G","scrape"
"mulberries","Terrasoul Dried Mulberries Organic","https://www.amazon.com/s?k=Terrasoul%20dried%20mulberries%20organic&tag=robinfrench-20","B074153BXC","scrape"
"raspberries","Fresh Raspberries Organic","https://www.amazon.com/s?k=fresh%20raspberries%20organic&tag=robinfrench-20","B000P6G12U","scrape"
"cranberries","NOW Foods Dried Cranberries Unsweetened","https://www.amazon.com/s?k=NOW%20Foods%20dried%20cranberries%20unsweetened&tag=robinfrench-20","B074153BXC","scrape"
"pineapple (small amounts)","Fresh Pineapple Fruit","https://www.amazon.com/s?k=fresh%20pineapple%20fruit&tag=robinfrench-20","B000P6L3V4","scrape"
"pears (no seeds)","Fresh Pears No Seeds","https://www.amazon.com/s?k=fresh%20pears%20no%20seeds&tag=robinfrench-20","B0DYKVQ3XZ","scrape"
"pinhead crickets","Josh\","https://www.amazon.com/s?k=Josh%27s%20Frogs%20live%20pinhead%20crickets&tag=robinfrench-20","B07196FX9W","scrape"
"locusts","Exo Terra Canned Locusts Reptile Food","https://www.amazon.com/s?k=Exo%20Terra%20canned%20locusts%20reptile%20food&tag=robinfrench-20","B000CMKHBS","scrape"
"butterworms","Rainbow Mealworms Live Butterworms","https://www.amazon.com/s?k=Rainbow%20Mealworms%20live%20butterworms&tag=robinfrench-20","B093BD8NXR","scrape"
"grasshoppers","Fluker\","https://www.amazon.com/s?k=Fluker%27s%20dried%20grasshoppers%20reptile%20food&tag=robinfrench-20","B004HSQRG2","scrape"
"small dubia roaches","Small Live Dubia Roaches Feeder","https://www.amazon.com/s?k=small%20live%20dubia%20roaches%20feeder&tag=robinfrench-20","B09QD6PBB8","scrape"
"silkworms","Live Silkworms Reptile Food","https://www.amazon.com/s?k=live%20silkworms%20reptile%20food&tag=robinfrench-20","B08JKNZPSF","scrape"
"earthworms","Uncle Jim\","https://www.amazon.com/s?k=Uncle%20Jim%27s%20live%20earthworms&tag=robinfrench-20","B097PDMK47","scrape"
"wheat hay","Oxbow Wheat Hay Small Animal","https://www.amazon.com/s?k=Oxbow%20wheat%20hay%20small%20animal&tag=robinfrench-20","B0CLC76V98","scrape"
"fescue hay","Small Pet Select Fescue Hay","https://www.amazon.com/s?k=Small%20Pet%20Select%20fescue%20hay&tag=robinfrench-20","B00S6YIF36","scrape"
"oat hay","Oxbow Oat Hay Small Animal","https://www.amazon.com/s?k=Oxbow%20oat%20hay%20small%20animal&tag=robinfrench-20","B000WFKP80","scrape"
"bluegrass hay","Small Pet Select Bluegrass Hay","https://www.amazon.com/s?k=Small%20Pet%20Select%20bluegrass%20hay&tag=robinfrench-20","B00S6Y8MHU","scrape"
"straw (wheat/pine)","Oxbow Wheat Straw Bedding","https://www.amazon.com/s?k=Oxbow%20wheat%20straw%20bedding&tag=robinfrench-20","B0CDQMD1CB","scrape"
"dried grass","Kaytee Dried Natural Grass Small Animal","https://www.amazon.com/s?k=dried%20natural%20grass%20small%20animal%20Kaytee&tag=robinfrench-20","B0002DK8OI","scrape"
"bermuda hay","Standlee Premium Bermuda Hay","https://www.amazon.com/s?k=Standlee%20premium%20bermuda%20hay&tag=robinfrench-20","B0FSVM5P3D","scrape"
"barley hay","Standlee Barley Hay","https://www.amazon.com/s?k=Standlee%20barley%20hay&tag=robinfrench-20","B08YM9VJC5","scrape"
"guinea pig pellets (with vitamin c)","Oxbow Essentials Cavy Cuisine Guinea Pig Pellets","https://www.amazon.com/s?k=Oxbow%20guinea%20pig%20pellets%20vitamin%20c&tag=robinfrench-20","B00E4KT5NA","scrape"
"rabbit pellets (high fiber)","Oxbow Essentials Rabbit Food High Fiber","https://www.amazon.com/s?k=Oxbow%20adult%20rabbit%20pellets%20high%20fiber&tag=robinfrench-20","B0017JANQY","scrape"
"hamster pellets (higher protein)","Oxbow Essentials Hamster Food Higher Protein","https://www.amazon.com/s?k=Oxbow%20hamster%20food%20higher%20protein&tag=robinfrench-20","B0053SYJVA","scrape"
"wild bird mix","Lyric Wild Bird Mix No Filler","https://www.amazon.com/s?k=Lyric%20wild%20bird%20mix%20no%20filler&tag=robinfrench-20","B0FWLFGG21","scrape"
"beta-glucans","NOW Supplements Beta Glucans 60 Capsules","https://www.amazon.com/s?k=NOW+Supplements+Beta+Glucans+60+Capsules&tag=robinfrench-20","B01LWVNL9J","scrape"
"biotin","NOW Supplements Biotin 5000 mcg","https://www.amazon.com/s?k=NOW+Supplements+Biotin+5000+mcg&tag=robinfrench-20","B01AMJCHB8","scrape"
"bone broth (low sodium)","Brutus Bone Broth for Dogs Low Sodium","https://www.amazon.com/s?k=Brutus+Bone+Broth+Dogs+Low+Sodium&tag=robinfrench-20","B07DFNP37Y","scrape"
"cauliflower","Fresh Organic Cauliflower","https://www.amazon.com/s?k=fresh+organic+cauliflower&tag=robinfrench-20","B000P6G0GM","scrape"
"chicory root","NOW Supplements Inulin Prebiotic Fiber","https://www.amazon.com/s?k=NOW+Supplements+Inulin+Prebiotic+Fiber&tag=robinfrench-20","B08Q7KZYKC","scrape"
"chondroitin sulfate","Cosequin DS Plus MSM with Chondroitin","https://www.amazon.com/s?k=Cosequin+DS+Plus+MSM+Chondroitin&tag=robinfrench-20","B003ULL1NQ","scrape"
"cranberry extract","NOW Supplements Cranberry Extract 5000 mg","https://www.amazon.com/s?k=NOW+Supplements+Cranberry+Extract+5000+mg&tag=robinfrench-20","B01N7KMPU3","scrape"
"curcumin (turmeric extract)","NOW Supplements Curcumin with BioPerine","https://www.amazon.com/s?k=NOW+Supplements+Curcumin+BioPerine&tag=robinfrench-20","B0CK3C31JP","scrape"
"d-mannose","NOW Supplements D-Mannose Powder","https://www.amazon.com/s?k=NOW+Supplements+D-Mannose+Powder&tag=robinfrench-20","B01N6X9YBS","scrape"
"egg yolks","Vital Farms Pasture-Raised Eggs","https://www.amazon.com/s?k=Vital+Farms+Pasture-Raised+Eggs&tag=robinfrench-20","B00M1QWODW","scrape"
"eggplant","Fresh Organic Eggplant","https://www.amazon.com/s?k=fresh+organic+eggplant&tag=robinfrench-20","B001PLGQPQ","scrape"
"eggshells (crushed)","NOW Supplements Calcium Carbonate Powder","https://www.amazon.com/s?k=NOW+Supplements+Calcium+Carbonate+Powder&tag=robinfrench-20","B004421K68","scrape"
"fish broth (no salt)","Brutus Fish Broth for Dogs No Salt","https://www.amazon.com/s?k=Brutus+Fish+Broth+Dogs+No+Salt&tag=robinfrench-20","B07DFQFLJL","scrape"
"fructooligosaccharides (fos)","NOW Supplements FOS Prebiotic Fiber","https://www.amazon.com/s?k=NOW+Supplements+FOS+Prebiotic+Fiber&tag=robinfrench-20","B08Q7KZYKC","scrape"
"glucosamine sulfate","Cosequin DS Plus MSM Glucosamine","https://www.amazon.com/s?k=Cosequin+DS+Plus+MSM+Glucosamine&tag=robinfrench-20","B003ULL1NQ","scrape"
"green beans","Fresh Organic Green Beans","https://www.amazon.com/s?k=fresh+organic+green+beans&tag=robinfrench-20","B0DDTC6QNY","scrape"
"green beans (cooked)","Fresh Organic Green Beans","https://www.amazon.com/s?k=fresh+organic+green+beans&tag=robinfrench-20","B0DDTC6QNY","scrape"
"hairball control paste","Tomlyn Laxatone Hairball Remedy","https://www.amazon.com/s?k=Tomlyn+Laxatone+Hairball+Remedy&tag=robinfrench-20","B07B282MR4","scrape"
"hyaluronic acid","NOW Supplements Hyaluronic Acid 100 mg","https://www.amazon.com/s?k=NOW+Supplements+Hyaluronic+Acid+100+mg&tag=robinfrench-20","B07XHNCJMC","scrape"
"inulin (prebiotic)","NOW Supplements Inulin Prebiotic Fiber","https://www.amazon.com/s?k=NOW+Supplements+Inulin+Prebiotic+Fiber&tag=robinfrench-20","B08Q7KZYKC","scrape"
"jerusalem artichoke","Fresh Jerusalem Artichoke Sunchokes","https://www.amazon.com/s?k=fresh+Jerusalem+artichoke+sunchokes&tag=robinfrench-20","B0CQK5XCVZ","scrape"
"joint health supplement","Cosequin DS Plus MSM for Dogs","https://www.amazon.com/s?k=Cosequin+DS+Plus+MSM+Dogs&tag=robinfrench-20","B003ULL1NQ","scrape"
"l-carnitine powder","NOW Supplements L-Carnitine 500 mg","https://www.amazon.com/s?k=NOW+Supplements+L-Carnitine+500+mg&tag=robinfrench-20","B06Y1BTLGK","scrape"
"lysine powder","NOW Supplements L-Lysine 1000 mg","https://www.amazon.com/s?k=NOW+Supplements+L-Lysine+1000+mg&tag=robinfrench-20","B00V3MR88G","scrape"
"malabar spinach","Fresh Malabar Spinach Leaves","https://www.amazon.com/s?k=fresh+Malabar+spinach+leaves&tag=robinfrench-20","B0DLT7BSNJ","scrape"
"mannanoligosaccharides (mos)","NOW Supplements MOS Prebiotic","https://www.amazon.com/s?k=NOW+Supplements+MOS+Prebiotic&tag=robinfrench-20","B0CRFWM2Z6","scrape"
"milk thistle","NOW Supplements Milk Thistle 150 mg","https://www.amazon.com/s?k=NOW+Supplements+Milk+Thistle+150+mg&tag=robinfrench-20","B0019LVFD0","scrape"
"new zealand spinach","Fresh New Zealand Spinach","https://www.amazon.com/s?k=fresh+New+Zealand+spinach&tag=robinfrench-20","B0C8VD126M","scrape"
"niacinamide","NOW Supplements Niacinamide 500 mg","https://www.amazon.com/s?k=NOW+Supplements+Niacinamide+500+mg&tag=robinfrench-20","B0CZMBZPLV","scrape"
"oats (rolled)","Bob\","https://www.amazon.com/s?k=Bob%27s+Red+Mill+Old+Fashioned+Rolled+Oats&tag=robinfrench-20","B07VCM66N6","scrape"
"peas","Fresh Organic Green Peas","https://www.amazon.com/s?k=fresh+organic+green+peas&tag=robinfrench-20","B07D1NGQ6B","scrape"
"peas (mashed)","Fresh Organic Green Peas","https://www.amazon.com/s?k=fresh+organic+green+peas&tag=robinfrench-20","B07D1NGQ6B","scrape"
"pectin (from apples)","NOW Supplements Apple Pectin Powder","https://www.amazon.com/s?k=NOW+Supplements+Apple+Pectin+Powder&tag=robinfrench-20","B01CO69SYG","scrape"
"pumpkin seed oil","NOW Solutions Pumpkin Seed Oil","https://www.amazon.com/s?k=NOW+Solutions+Pumpkin+Seed+Oil&tag=robinfrench-20","B0FKYLMWYG","scrape"
"quail eggs","Fresh Quail Eggs","https://www.amazon.com/s?k=fresh+quail+eggs&tag=robinfrench-20","B0BSRGV9PR","scrape"
"quercetin","NOW Supplements Quercetin with Bromelain","https://www.amazon.com/s?k=NOW+Supplements+Quercetin+Bromelain&tag=robinfrench-20","B08M5L372P","scrape"
"rice (hulled)","Lundberg Organic Brown Rice","https://www.amazon.com/s?k=Lundberg+Organic+Brown+Rice&tag=robinfrench-20","B072JNNB33","scrape"
"romanesco broccoli","Fresh Romanesco Broccoli","https://www.amazon.com/s?k=fresh+romanesco+broccoli&tag=robinfrench-20","B01I1Q74MQ","scrape"
"s-adenosyl methionine (sam-e)","NOW Supplements SAM-e 200 mg","https://www.amazon.com/s?k=NOW+Supplements+SAM-e+200+mg&tag=robinfrench-20","B000OSSQFY","scrape"
"sardines (in water)","Wild Planet Sardines in Water No Salt","https://www.amazon.com/s?k=Wild+Planet+Sardines+Water+No+Salt&tag=robinfrench-20","B01FUWYO2M","scrape"
"snap peas","Fresh Organic Snap Peas","https://www.amazon.com/s?k=fresh+organic+snap+peas&tag=robinfrench-20","B077L6C7YB","scrape"
"snow peas","Fresh Organic Snow Peas","https://www.amazon.com/s?k=fresh+organic+snow+peas&tag=robinfrench-20","B07MGSDD7L","scrape"
"snow peas (mashed)","Fresh Organic Snow Peas","https://www.amazon.com/s?k=fresh+organic+snow+peas&tag=robinfrench-20","B08KRNKC9G","scrape"
"split peas","Bob\","https://www.amazon.com/s?k=Bob%27s+Red+Mill+Split+Peas&tag=robinfrench-20","B08DVGSW58","scrape"
"split peas (mashed)","Bob\","https://www.amazon.com/s?k=Bob%27s+Red+Mill+Split+Peas&tag=robinfrench-20","B08DVGSW58","scrape"
"sugar snap peas","Fresh Organic Sugar Snap Peas","https://www.amazon.com/s?k=fresh+organic+sugar+snap+peas&tag=robinfrench-20","B08DVGSW58","scrape"
"sugar snap peas (mashed)","Fresh Organic Sugar Snap Peas","https://www.amazon.com/s?k=fresh+organic+sugar+snap+peas&tag=robinfrench-20","B08DVGSW58","scrape"
"turkey broth (no salt)","Brutus Turkey Broth for Dogs No Salt","https://www.amazon.com/s?k=Brutus+Turkey+Broth+Dogs+No+Salt&tag=robinfrench-20","B07DFQFLJL","scrape"
"vitamin b complex","Thorne B-Complex #12","https://www.amazon.com/s?k=Thorne+B-Complex+%2312&tag=robinfrench-20","B01INRFW0E","scrape"
"vitamin c (small amounts)","NOW Supplements Vitamin C 1000 mg","https://www.amazon.com/s?k=NOW+Supplements+Vitamin+C+1000+mg&tag=robinfrench-20","B074GCB1ND","scrape"
"watercress","Fresh Organic Watercress","https://www.amazon.com/s?k=fresh+organic+watercress&tag=robinfrench-20","B0BSK8P8KS","scrape"
"watercress (small amounts)","Fresh Organic Watercress","https://www.amazon.com/s?k=fresh+organic+watercress&tag=robinfrench-20","B0BSK8P8KS","scrape"
"wheat germ","Bob\","https://www.amazon.com/s?k=Bob%27s+Red+Mill+Wheat+Germ&tag=robinfrench-20","B0FKBVN6XP","scrape"
"wild rice","Lundberg Organic Wild Rice","https://www.amazon.com/s?k=Lundberg+Organic+Wild+Rice&tag=robinfrench-20","B089CP461X","scrape"