rank,ingredient,amount_usd,asin,url,lastUpdated
1,joint supplement,36.97,B003ULL1NQ,https://www.amazon.com/dp/B003ULL1NQ?tag=robinfrench-20,2025-12-12T20:51:42.585Z
2,chondroitin sulfate,36.97,B003ULL1NQ,https://www.amazon.com/dp/B003ULL1NQ?tag=robinfrench-20,2025-12-12T21:05:53.676Z
3,glucosamine sulfate,36.97,B003ULL1NQ,https://www.amazon.com/dp/B003ULL1NQ?tag=robinfrench-20,2025-12-12T21:06:36.710Z
4,joint health supplement,36.97,B003ULL1NQ,https://www.amazon.com/dp/B003ULL1NQ?tag=robinfrench-20,2025-12-12T21:07:09.362Z
5,bermuda hay,36.80,B0FSVM5P3D,https://www.amazon.com/dp/B0FSVM5P3D?tag=robinfrench-20,2025-12-12T21:05:00.772Z
6,plums (pitted),35.99,B07P6Z8L76,https://www.amazon.com/dp/B07P6Z8L76?tag=robinfrench-20,2025-12-12T21:03:22.560Z
7,mackerel (canned),35.52,B017J9X8IA,https://www.amazon.com/dp/B017J9X8IA?tag=robinfrench-20,2025-12-12T20:56:09.986Z
8,orchard grass hay,34.99,B00S6Y8MHU,https://www.amazon.com/dp/B00S6Y8MHU?tag=robinfrench-20,2025-12-12T20:55:03.558Z
9,anchovy oil,34.99,B0FDNB2DVS,https://www.amazon.com/dp/B0FDNB2DVS?tag=robinfrench-20,2025-12-12T20:57:06.500Z
10,"barley (cooked, minimal)",34.99,B00QKP257A,https://www.amazon.com/dp/B00QKP257A?tag=robinfrench-20,2025-12-12T20:59:06.108Z
11,barley (hulled),34.99,B00QKP257A,https://www.amazon.com/dp/B00QKP257A?tag=robinfrench-20,2025-12-12T20:59:10.692Z
12,bluegrass hay,34.99,B00S6Y8MHU,https://www.amazon.com/dp/B00S6Y8MHU?tag=robinfrench-20,2025-12-12T21:04:46.822Z
13,mackerel oil,34.95,B01NBTJFJB,https://www.amazon.com/dp/B01NBTJFJB?tag=robinfrench-20,2025-12-12T20:57:16.222Z
14,malabar spinach,34.00,B0DLT7BSNJ,https://www.amazon.com/dp/B0DLT7BSNJ?tag=robinfrench-20,2025-12-12T21:07:23.821Z
15,probiotic powder,33.99,B0BGV8L7L2,https://www.amazon.com/dp/B0BGV8L7L2?tag=robinfrench-20,2025-12-12T20:51:32.894Z
16,algae oil (dha),33.11,B079J5YZSS,https://www.amazon.com/dp/B079J5YZSS?tag=robinfrench-20,2025-12-12T20:57:53.790Z
17,wheat germ oil,30.99,B001GAOHK2,https://www.amazon.com/dp/B001GAOHK2?tag=robinfrench-20,2025-12-12T20:57:44.060Z
18,chicken broth,30.48,B07DFNP37Y,https://www.amazon.com/dp/B07DFNP37Y?tag=robinfrench-20,2025-12-12T20:52:02.004Z
19,bone broth (low sodium),30.48,B07DFNP37Y,https://www.amazon.com/dp/B07DFNP37Y?tag=robinfrench-20,2025-12-12T21:05:39.622Z
20,beta-glucans,29.99,B08CXQV9V7,https://www.amazon.com/dp/B08CXQV9V7?tag=robinfrench-20,2025-12-16T03:25:47.431Z
21,black beans,29.99,B094WYT2BK,https://www.amazon.com/dp/B094WYT2BK?tag=robinfrench-20,2025-12-12T20:49:07.346Z
22,omega-3 capsules,29.99,B004OA5XP4,https://www.amazon.com/dp/B004OA5XP4?tag=robinfrench-20,2025-12-16T03:25:47.431Z
23,joint health powder,29.99,B0002APQY2,https://www.amazon.com/dp/B0002APQY2?tag=robinfrench-20,2025-12-16T03:25:47.431Z
24,fescue hay,29.99,B00S6YIF36,https://www.amazon.com/dp/B00S6YIF36?tag=robinfrench-20,2025-12-12T21:04:37.376Z
25,straw (wheat/pine),29.99,B0CDQMD1CB,https://www.amazon.com/dp/B0CDQMD1CB?tag=robinfrench-20,2025-12-12T21:04:51.497Z
26,s-adenosyl methionine (sam-e),29.99,B0002APQVQ,https://www.amazon.com/dp/B0002APQVQ?tag=robinfrench-20,2025-12-16T03:25:47.431Z
27,sardine oil,29.97,B0CXKHT5K2,https://www.amazon.com/dp/B0CXKHT5K2?tag=robinfrench-20,2025-12-12T20:57:20.966Z
28,black soldier fly larvae,29.95,B0BLZ88Q3R,https://www.amazon.com/dp/B0BLZ88Q3R?tag=robinfrench-20,2025-12-12T20:54:35.539Z
29,chicory root,29.95,B08Q7KZYKC,https://www.amazon.com/dp/B08Q7KZYKC?tag=robinfrench-20,2025-12-12T21:05:48.888Z
30,fructooligosaccharides (fos),29.95,B08Q7KZYKC,https://www.amazon.com/dp/B08Q7KZYKC?tag=robinfrench-20,2025-12-12T21:06:32.045Z
31,inulin (prebiotic),29.95,B08Q7KZYKC,https://www.amazon.com/dp/B08Q7KZYKC?tag=robinfrench-20,2025-12-12T21:07:00.337Z
32,digestive enzymes,29.92,B00O6FINFO,https://www.amazon.com/dp/B00O6FINFO?tag=robinfrench-20,2025-12-12T20:51:52.322Z
33,spirulina powder,29.89,B08S4982CC,https://www.amazon.com/dp/B08S4982CC?tag=robinfrench-20,2025-12-12T20:58:22.564Z
34,butterworms,28.99,B093BD8NXR,https://www.amazon.com/dp/B093BD8NXR?tag=robinfrench-20,2025-12-12T21:04:08.665Z
35,alfalfa hay,28.93,B0CM34Z4BQ,https://www.amazon.com/dp/B0CM34Z4BQ?tag=robinfrench-20,2025-12-12T20:55:08.164Z
36,corn (cracked),27.99,B01HHGD81C,https://www.amazon.com/dp/B01HHGD81C?tag=robinfrench-20,2025-12-12T21:00:03.238Z
37,figs,27.80,B08MDKF98D,https://www.amazon.com/dp/B08MDKF98D?tag=robinfrench-20,2025-12-12T20:54:49.396Z
38,curcumin (turmeric extract),26.99,B0CK3C31JP,https://www.amazon.com/dp/B0CK3C31JP?tag=robinfrench-20,2025-12-12T21:06:03.526Z
39,superworms,25.99,B01018SX5Y,https://www.amazon.com/dp/B01018SX5Y?tag=robinfrench-20,2025-12-12T20:54:30.992Z
40,green beans,25.56,B0DDTC6QNY,https://www.amazon.com/dp/B0DDTC6QNY?tag=robinfrench-20,2025-12-12T21:06:41.437Z
41,green beans (cooked),25.56,B0DDTC6QNY,https://www.amazon.com/dp/B0DDTC6QNY?tag=robinfrench-20,2025-12-12T21:06:46.007Z
42,flaxseed oil,25.19,B002VLZ830,https://www.amazon.com/dp/B002VLZ830?tag=robinfrench-20,2025-12-12T20:51:03.516Z
43,chicken hearts,24.99,B0BXZ3JJL9,https://www.amazon.com/dp/B0BXZ3JJL9?tag=robinfrench-20,2025-12-16T03:25:47.431Z
44,turkey giblets,24.99,B0BXZ3JJL9,https://www.amazon.com/dp/B0BXZ3JJL9?tag=robinfrench-20,2025-12-16T03:25:47.431Z
45,duck breast,24.99,B0BXZ3JJL9,https://www.amazon.com/dp/B0BXZ3JJL9?tag=robinfrench-20,2025-12-16T03:25:47.431Z
46,duck liver,24.99,B0BXZ3JJL9,https://www.amazon.com/dp/B0BXZ3JJL9?tag=robinfrench-20,2025-12-16T03:25:47.431Z
47,buckwheat (hulled),24.99,B0D15QDVW7,https://www.amazon.com/dp/B0D15QDVW7?tag=robinfrench-20,2025-12-12T20:58:51.848Z
48,pinhead crickets,24.99,B07196FX9W,https://www.amazon.com/dp/B07196FX9W?tag=robinfrench-20,2025-12-12T21:03:59.322Z
49,ground chicken,23.99,B0BXZVFN6G,https://www.amazon.com/dp/B0BXZVFN6G?tag=robinfrench-20,2025-12-12T20:46:50.423Z
50,chicken giblets,23.99,B0BXZVFN6G,https://www.amazon.com/dp/B0BXZVFN6G?tag=robinfrench-20,2025-12-12T20:47:56.190Z
51,hairball paste,23.99,B07B282MR4,https://www.amazon.com/dp/B07B282MR4?tag=robinfrench-20,2025-12-12T20:51:57.071Z
52,hairball control paste,23.99,B07B282MR4,https://www.amazon.com/dp/B07B282MR4?tag=robinfrench-20,2025-12-12T21:06:50.872Z
53,black currant oil,23.95,B01FXEM0BY,https://www.amazon.com/dp/B01FXEM0BY?tag=robinfrench-20,2025-12-12T20:56:42.792Z
54,borage oil,23.95,B01FXEM0BY,https://www.amazon.com/dp/B01FXEM0BY?tag=robinfrench-20,2025-12-12T20:57:25.485Z
55,purslane (small amounts),23.95,B0BWY8JWVL,https://www.amazon.com/dp/B0BWY8JWVL?tag=robinfrench-20,2025-12-12T21:00:49.880Z
56,coconut oil,23.45,B00UHCJKVG,https://www.amazon.com/dp/B00UHCJKVG?tag=robinfrench-20,2025-12-12T20:50:48.628Z
57,pinto beans (mashed),23.32,B0C4G2PR58,https://www.amazon.com/dp/B0C4G2PR58?tag=robinfrench-20,2025-12-12T21:00:40.288Z
58,ground lamb,22.99,B0082C00P8,https://www.amazon.com/dp/B0082C00P8?tag=robinfrench-20,2025-12-16T03:25:47.431Z
59,chicken necks,22.99,B0821PF71M,https://www.amazon.com/dp/B0821PF71M?tag=robinfrench-20,2025-12-12T20:55:41.686Z
60,jerusalem artichoke,22.99,B0CQK5XCVZ,https://www.amazon.com/dp/B0CQK5XCVZ?tag=robinfrench-20,2025-12-12T21:07:04.838Z
61,salmon oil,21.99,B01N9SSTG8,https://www.amazon.com/dp/B01N9SSTG8?tag=robinfrench-20,2025-12-16T03:25:47.431Z
62,fish oil,21.99,B01N9SSTG8,https://www.amazon.com/dp/B01N9SSTG8?tag=robinfrench-20,2025-12-16T03:25:47.431Z
63,herring oil,21.99,B01N9SSTG8,https://www.amazon.com/dp/B01N9SSTG8?tag=robinfrench-20,2025-12-16T03:25:47.431Z
64,krill oil,21.99,B01N9SSTG8,https://www.amazon.com/dp/B01N9SSTG8?tag=robinfrench-20,2025-12-16T03:25:47.431Z
65,omega-3 oil,21.99,B01N9SSTG8,https://www.amazon.com/dp/B01N9SSTG8?tag=robinfrench-20,2025-12-16T03:25:47.431Z
66,cat grass (wheatgrass),21.99,B0D45F9TGG,https://www.amazon.com/dp/B0D45F9TGG?tag=robinfrench-20,2025-12-12T21:02:30.763Z
67,quail,21.98,B0DK1SJ2Z7,https://www.amazon.com/dp/B0DK1SJ2Z7?tag=robinfrench-20,2025-12-12T20:48:14.932Z
68,pumpkin seed oil,21.98,B0FKYLMWYG,https://www.amazon.com/dp/B0FKYLMWYG?tag=robinfrench-20,2025-12-12T21:08:07.591Z
69,rabbit pellets (high fiber),21.67,B0017JANQY,https://www.amazon.com/dp/B0017JANQY?tag=robinfrench-20,2025-12-12T21:05:15.479Z
70,dandelion greens,21.11,B000WR4A5M,https://www.amazon.com/dp/B000WR4A5M?tag=robinfrench-20,2025-12-12T20:50:21.350Z
71,buckwheat,21.00,B00KQ17MDG,https://www.amazon.com/dp/B00KQ17MDG?tag=robinfrench-20,2025-12-12T20:58:42.291Z
72,buckwheat (tiny amounts),21.00,B00KQ17MDG,https://www.amazon.com/dp/B00KQ17MDG?tag=robinfrench-20,2025-12-12T20:58:47.053Z
73,split peas,20.99,B08DVGSW58,https://www.amazon.com/dp/B08DVGSW58?tag=robinfrench-20,2025-12-12T21:08:54.184Z
74,split peas (mashed),20.99,B08DVGSW58,https://www.amazon.com/dp/B08DVGSW58?tag=robinfrench-20,2025-12-12T21:08:58.721Z
75,sugar snap peas,20.99,B08DVGSW58,https://www.amazon.com/dp/B08DVGSW58?tag=robinfrench-20,2025-12-12T21:09:03.193Z
76,sugar snap peas (mashed),20.99,B08DVGSW58,https://www.amazon.com/dp/B08DVGSW58?tag=robinfrench-20,2025-12-12T21:09:07.623Z
77,cilantro,20.49,B07M9FWTRC,https://www.amazon.com/dp/B07M9FWTRC?tag=robinfrench-20,2025-12-12T20:55:17.766Z
78,oats (rolled),20.44,B07VCM66N6,https://www.amazon.com/dp/B07VCM66N6?tag=robinfrench-20,2025-12-12T21:07:48.631Z
79,bulgur,20.42,B081DQ5NG5,https://www.amazon.com/dp/B081DQ5NG5?tag=robinfrench-20,2025-12-12T20:59:29.455Z
80,silkworms,20.34,B08JKNZPSF,https://www.amazon.com/dp/B08JKNZPSF?tag=robinfrench-20,2025-12-12T21:04:22.952Z
81,ground pork (lean),19.99,B0CLJW1P6D,https://www.amazon.com/dp/B0CLJW1P6D?tag=robinfrench-20,2025-12-12T20:48:19.692Z
82,amino acid supplement,19.99,B0C2JFLZHF,https://www.amazon.com/dp/B0C2JFLZHF?tag=robinfrench-20,2025-12-12T20:58:12.855Z
83,frisee,19.99,B07FZGKZL4,https://www.amazon.com/dp/B07FZGKZL4?tag=robinfrench-20,2025-12-12T21:01:44.839Z
84,wheat hay,19.99,B0CLC76V98,https://www.amazon.com/dp/B0CLC76V98?tag=robinfrench-20,2025-12-12T21:04:32.581Z
85,d-mannose,19.99,B07FC4ZY34,https://www.amazon.com/dp/B07FC4ZY34?tag=robinfrench-20,2025-12-16T03:25:47.431Z
86,peas,19.99,B07D1NGQ6B,https://www.amazon.com/dp/B07D1NGQ6B?tag=robinfrench-20,2025-12-12T21:07:53.364Z
87,peas (mashed),19.99,B07D1NGQ6B,https://www.amazon.com/dp/B07D1NGQ6B?tag=robinfrench-20,2025-12-12T21:07:57.848Z
88,quercetin,19.99,B0742YS3TG,https://www.amazon.com/dp/B0742YS3TG?tag=robinfrench-20,2025-12-16T03:25:47.431Z
89,romanesco broccoli,19.99,B01I1Q74MQ,https://www.amazon.com/dp/B01I1Q74MQ?tag=robinfrench-20,2025-12-12T21:08:26.110Z
90,l-carnitine powder,19.95,B06Y1BTLGK,https://www.amazon.com/dp/B06Y1BTLGK?tag=robinfrench-20,2025-12-12T21:07:14.304Z
91,barley,19.92,B0D481997Z,https://www.amazon.com/dp/B0D481997Z?tag=robinfrench-20,2025-12-12T20:59:01.320Z
92,dubia roaches,19.90,B09QD6PBB8,https://www.amazon.com/dp/B09QD6PBB8?tag=robinfrench-20,2025-12-12T20:54:16.800Z
93,small dubia roaches,19.90,B09QD6PBB8,https://www.amazon.com/dp/B09QD6PBB8?tag=robinfrench-20,2025-12-12T21:04:18.331Z
94,wild rice,19.50,B089CP461X,https://www.amazon.com/dp/B089CP461X?tag=robinfrench-20,2025-12-12T21:09:40.679Z
95,amaranth leaves,18.99,B0F2YRBGS6,https://www.amazon.com/dp/B0F2YRBGS6?tag=robinfrench-20,2025-12-12T21:02:44.545Z
96,barley hay,18.99,B07ZYNJ123,https://www.amazon.com/dp/B07ZYNJ123?tag=robinfrench-20,2025-12-16T03:25:47.431Z
97,hyaluronic acid,18.99,B07XHNCJMC,https://www.amazon.com/dp/B07XHNCJMC?tag=robinfrench-20,2025-12-12T21:06:55.692Z
98,vitamin e,18.95,B01I5OB3LW,https://www.amazon.com/dp/B01I5OB3LW?tag=robinfrench-20,2025-12-12T20:51:23.124Z
99,quail eggs,18.95,B0BSRGV9PR,https://www.amazon.com/dp/B0BSRGV9PR?tag=robinfrench-20,2025-12-12T21:08:12.122Z
100,almond oil,18.46,B0BXMMDNJ8,https://www.amazon.com/dp/B0BXMMDNJ8?tag=robinfrench-20,2025-12-12T20:56:47.604Z
101,miner's lettuce,18.39,B0D3J7FZFD,https://www.amazon.com/dp/B0D3J7FZFD?tag=robinfrench-20,2025-12-12T21:00:54.713Z
102,earthworms,17.99,B097PDMK47,https://www.amazon.com/dp/B097PDMK47?tag=robinfrench-20,2025-12-12T21:04:27.764Z
103,psyllium husk,17.97,B0016AXN7A,https://www.amazon.com/dp/B0016AXN7A?tag=robinfrench-20,2025-12-12T20:51:37.725Z
104,evening primrose oil,17.95,B07FPBQ31W,https://www.amazon.com/dp/B07FPBQ31W?tag=robinfrench-20,2025-12-12T20:57:11.379Z
105,vitamin c (small amounts),17.95,B074GCB1ND,https://www.amazon.com/dp/B074GCB1ND?tag=robinfrench-20,2025-12-12T21:09:22.054Z
106,honey (tiny amounts),17.48,B0791X9GSG,https://www.amazon.com/dp/B0791X9GSG?tag=robinfrench-20,2025-12-12T20:54:07.362Z
107,mannanoligosaccharides (mos),17.40,B0CRFWM2Z6,https://www.amazon.com/dp/B0CRFWM2Z6?tag=robinfrench-20,2025-12-12T21:07:28.938Z
108,salmon (boneless),16.99,B08NCDSV82,https://www.amazon.com/dp/B08NCDSV82?tag=robinfrench-20,2025-12-12T20:47:08.804Z
109,broccoli,16.99,B07MGZKB9V,https://www.amazon.com/dp/B07MGZKB9V?tag=robinfrench-20,2025-12-16T03:25:47.431Z
110,kale,16.99,B07MGZKB9V,https://www.amazon.com/dp/B07MGZKB9V?tag=robinfrench-20,2025-12-16T03:25:47.431Z
111,celery,16.99,B07MGZKB9V,https://www.amazon.com/dp/B07MGZKB9V?tag=robinfrench-20,2025-12-16T03:25:47.431Z
112,endive,16.99,B07MGZKB9V,https://www.amazon.com/dp/B07MGZKB9V?tag=robinfrench-20,2025-12-16T03:25:47.431Z
113,escarole,16.99,B07MGZKB9V,https://www.amazon.com/dp/B07MGZKB9V?tag=robinfrench-20,2025-12-16T03:25:47.431Z
114,collard greens,16.99,B07MGZKB9V,https://www.amazon.com/dp/B07MGZKB9V?tag=robinfrench-20,2025-12-16T03:25:47.431Z
115,beet greens,16.99,B07MGZKB9V,https://www.amazon.com/dp/B07MGZKB9V?tag=robinfrench-20,2025-12-16T03:25:47.431Z
116,canary seed,16.99,B001ODB3YE,https://www.amazon.com/dp/B001ODB3YE?tag=robinfrench-20,2025-12-16T03:25:47.431Z
117,niger seed,16.99,B001ODB3YE,https://www.amazon.com/dp/B001ODB3YE?tag=robinfrench-20,2025-12-16T03:25:47.431Z
118,rapeseed,16.99,B001ODB3YE,https://www.amazon.com/dp/B001ODB3YE?tag=robinfrench-20,2025-12-16T03:25:47.431Z
119,pellets (fortified),16.99,B0002ARAFI,https://www.amazon.com/dp/B0002ARAFI?tag=robinfrench-20,2025-12-16T03:25:47.431Z
120,meadow hay,16.99,B001ODB40G,https://www.amazon.com/dp/B001ODB40G?tag=robinfrench-20,2025-12-16T03:25:47.431Z
121,ground duck,16.99,B0BY3CNR3Q,https://www.amazon.com/dp/B0BY3CNR3Q?tag=robinfrench-20,2025-12-12T20:55:51.155Z
122,mulberries,16.99,B074153BXC,https://www.amazon.com/dp/B074153BXC?tag=robinfrench-20,2025-12-12T21:03:36.579Z
123,cranberries,16.99,B074153BXC,https://www.amazon.com/dp/B074153BXC?tag=robinfrench-20,2025-12-12T21:03:45.886Z
124,wild bird mix,16.99,B001ODB3YE,https://www.amazon.com/dp/B001ODB3YE?tag=robinfrench-20,2025-12-16T03:25:47.431Z
125,snow peas (mashed),16.99,B07MGZKB9V,https://www.amazon.com/dp/B07MGZKB9V?tag=robinfrench-20,2025-12-16T03:25:47.431Z
126,turmeric,16.95,B018GPDCV4,https://www.amazon.com/dp/B018GPDCV4?tag=robinfrench-20,2025-12-12T21:02:54.163Z
127,fish broth (no salt),16.65,B07DFQFLJL,https://www.amazon.com/dp/B07DFQFLJL?tag=robinfrench-20,2025-12-12T21:06:27.442Z
128,turkey broth (no salt),16.65,B07DFQFLJL,https://www.amazon.com/dp/B07DFQFLJL?tag=robinfrench-20,2025-12-12T21:09:12.294Z
129,timothy hay,16.49,B006AYMMRY,https://www.amazon.com/dp/B006AYMMRY?tag=robinfrench-20,2025-12-12T20:54:54.261Z
130,millet (tiny amounts),16.32,B07XPCWYP2,https://www.amazon.com/dp/B07XPCWYP2?tag=robinfrench-20,2025-12-12T20:59:20.051Z
131,chicken liver,16.29,B07S8JCNTH,https://www.amazon.com/dp/B07S8JCNTH?tag=robinfrench-20,2025-12-12T20:47:32.285Z
132,hornworms,15.99,B09Y4RTNK9,https://www.amazon.com/dp/B09Y4RTNK9?tag=robinfrench-20,2025-12-12T20:54:40.038Z
133,ground mackerel,15.99,B079Z4MZTG,https://www.amazon.com/dp/B079Z4MZTG?tag=robinfrench-20,2025-12-12T20:56:05.291Z
134,lamb liver,15.95,B0015G862M,https://www.amazon.com/dp/B0015G862M?tag=robinfrench-20,2025-12-12T20:55:31.989Z
135,rosemary,15.75,B004JWLMNY,https://www.amazon.com/dp/B004JWLMNY?tag=robinfrench-20,2025-12-12T21:02:59.048Z
136,chickpeas,15.68,B0BYPF1Y79,https://www.amazon.com/dp/B0BYPF1Y79?tag=robinfrench-20,2025-12-12T20:49:02.539Z
137,nyjer seeds,15.61,B0D6688V7C,https://www.amazon.com/dp/B0D6688V7C?tag=robinfrench-20,2025-12-12T21:00:12.678Z
138,beef liver,14.99,B07G3QFG8N,https://www.amazon.com/dp/B07G3QFG8N?tag=robinfrench-20,2025-12-12T20:47:27.552Z
139,hemp seeds,14.99,B01N7GJVNH,https://www.amazon.com/dp/B01N7GJVNH?tag=robinfrench-20,2025-12-16T03:25:47.431Z
140,"peanut butter (unsalted, tiny amounts)",14.99,B06ZXZ3JPZ,https://www.amazon.com/dp/B06ZXZ3JPZ?tag=robinfrench-20,2025-12-12T20:54:11.988Z
141,mealworms,14.99,B07TKDYMMP,https://www.amazon.com/dp/B07TKDYMMP?tag=robinfrench-20,2025-12-12T20:54:26.431Z
142,electrolyte powder,14.99,B07X6LNK99,https://www.amazon.com/dp/B07X6LNK99?tag=robinfrench-20,2025-12-16T03:25:47.431Z
143,b-complex,14.95,B01INRFW0E,https://www.amazon.com/dp/B01INRFW0E?tag=robinfrench-20,2025-12-12T20:51:28.041Z
144,biotin,14.95,B01AMJCHB8,https://www.amazon.com/dp/B01AMJCHB8?tag=robinfrench-20,2025-12-12T21:05:34.707Z
145,cranberry extract,14.95,B01N7KMPU3,https://www.amazon.com/dp/B01N7KMPU3?tag=robinfrench-20,2025-12-12T21:05:58.616Z
146,vitamin b complex,14.95,B01INRFW0E,https://www.amazon.com/dp/B01INRFW0E?tag=robinfrench-20,2025-12-12T21:09:17.134Z
147,oat bran (small amounts),14.74,B07CC9RF6Y,https://www.amazon.com/dp/B07CC9RF6Y?tag=robinfrench-20,2025-12-12T20:59:53.569Z
148,vitamin d3 drops,14.45,B0062QD5LM,https://www.amazon.com/dp/B0062QD5LM?tag=robinfrench-20,2025-12-12T20:58:32.356Z
149,sorghum,14.33,B0FKBVN6XP,https://www.amazon.com/dp/B0FKBVN6XP?tag=robinfrench-20,2025-12-12T20:58:56.471Z
150,millet,14.33,B0FKBVN6XP,https://www.amazon.com/dp/B0FKBVN6XP?tag=robinfrench-20,2025-12-12T20:59:15.280Z
151,farro,14.33,B0FKBVN6XP,https://www.amazon.com/dp/B0FKBVN6XP?tag=robinfrench-20,2025-12-12T20:59:24.562Z
152,teff seeds,14.33,B0FKBVN6XP,https://www.amazon.com/dp/B0FKBVN6XP?tag=robinfrench-20,2025-12-12T20:59:43.761Z
153,wheat germ,14.33,B0FKBVN6XP,https://www.amazon.com/dp/B0FKBVN6XP?tag=robinfrench-20,2025-12-12T21:09:35.709Z
154,turkey breast,13.99,B0CZRN7HXT,https://www.amazon.com/dp/B0CZRN7HXT?tag=robinfrench-20,2025-12-12T20:47:22.762Z
155,safflower seeds,13.99,B001ODB3YE,https://www.amazon.com/dp/B001ODB3YE?tag=robinfrench-20,2025-12-16T03:25:47.431Z
156,alfalfa sprouts (small amounts),13.99,B0DFZTWLTY,https://www.amazon.com/dp/B0DFZTWLTY?tag=robinfrench-20,2025-12-12T21:02:25.940Z
157,lysine powder,13.99,B00V3MR88G,https://www.amazon.com/dp/B00V3MR88G?tag=robinfrench-20,2025-12-12T21:07:19.324Z
158,lentils,13.49,B000VDZ2GI,https://www.amazon.com/dp/B000VDZ2GI?tag=robinfrench-20,2025-12-12T20:48:57.775Z
159,kelp powder,13.29,B0002JG1GG,https://www.amazon.com/dp/B0002JG1GG?tag=robinfrench-20,2025-12-12T20:58:03.385Z
160,sweet potato,12.99,B07YNQ6T9Z,https://www.amazon.com/dp/B07YNQ6T9Z?tag=robinfrench-20,2025-12-16T03:25:47.431Z
161,olive oil,12.99,B00GGBLPVU,https://www.amazon.com/dp/B00GGBLPVU?tag=robinfrench-20,2025-12-16T03:25:47.431Z
162,avocado oil,12.99,B00KN93TJU,https://www.amazon.com/dp/B00KN93TJU?tag=robinfrench-20,2025-12-16T03:25:47.431Z
163,avocado oil (tiny amounts),12.99,B00KN93TJU,https://www.amazon.com/dp/B00KN93TJU?tag=robinfrench-20,2025-12-16T03:25:47.431Z
164,guinea pig pellets (with vitamin c),12.99,B001ODB40U,https://www.amazon.com/dp/B001ODB40U?tag=robinfrench-20,2025-12-16T03:25:47.431Z
165,taurine powder,12.95,B00VAOKFO6,https://www.amazon.com/dp/B00VAOKFO6?tag=robinfrench-20,2025-12-12T20:51:13.306Z
166,niacinamide,12.95,B0CZMBZPLV,https://www.amazon.com/dp/B0CZMBZPLV?tag=robinfrench-20,2025-12-12T21:07:43.676Z
167,quinoa,12.49,B000EDG598,https://www.amazon.com/dp/B000EDG598?tag=robinfrench-20,2025-12-16T03:25:47.431Z
168,quinoa (cooked),12.49,B000EDG598,https://www.amazon.com/dp/B000EDG598?tag=robinfrench-20,2025-12-16T03:25:47.431Z
169,millet (white/red),11.98,B0002DH3FU,https://www.amazon.com/dp/B0002DH3FU?tag=robinfrench-20,2025-12-12T20:52:11.566Z
170,ground lamb (lean),11.49,B088Y2N6WC,https://www.amazon.com/dp/B088Y2N6WC?tag=robinfrench-20,2025-12-12T20:55:55.587Z
171,flaxseed (ground),11.42,B075XC6C69,https://www.amazon.com/dp/B075XC6C69?tag=robinfrench-20,2025-12-12T21:00:59.653Z
172,brewer's yeast,11.12,B084JL2R77,https://www.amazon.com/dp/B084JL2R77?tag=robinfrench-20,2025-12-12T20:58:37.396Z
173,sunflower seeds (small amounts),10.99,B07ZXF9876,https://www.amazon.com/dp/B07ZXF9876?tag=robinfrench-20,2025-12-16T03:25:47.431Z
174,egg yolks,10.99,B00M1QWODW,https://www.amazon.com/dp/B00M1QWODW?tag=robinfrench-20,2025-12-12T21:06:12.913Z
175,sesame oil,10.84,B0797GTG2C,https://www.amazon.com/dp/B0797GTG2C?tag=robinfrench-20,2025-12-12T20:57:30.466Z
176,raisins (unsweetened),10.43,B01GXPRIQY,https://www.amazon.com/dp/B01GXPRIQY?tag=robinfrench-20,2025-12-12T21:03:17.641Z
177,milk thistle,10.40,B0019LVFD0,https://www.amazon.com/dp/B0019LVFD0?tag=robinfrench-20,2025-12-12T21:07:33.821Z
178,rabbit meat,10.00,,,2025-12-16T03:25:47.431Z
179,ground turkey,9.99,B091CCD4T7,https://www.amazon.com/dp/B091CCD4T7?tag=robinfrench-20,2025-12-12T20:46:54.959Z
180,calcium carbonate,9.99,B004421K68,https://www.amazon.com/dp/B004421K68?tag=robinfrench-20,2025-12-12T20:51:18.266Z
181,vitamin e oil,9.99,B0DZ5ZCC85,https://www.amazon.com/dp/B0DZ5ZCC85?tag=robinfrench-20,2025-12-12T20:52:06.746Z
182,chia seeds,9.99,B00JL2X3D4,https://www.amazon.com/dp/B00JL2X3D4?tag=robinfrench-20,2025-12-16T03:25:47.431Z
183,pumpkin seeds,9.99,B00JL2X2KW,https://www.amazon.com/dp/B00JL2X2KW?tag=robinfrench-20,2025-12-16T03:25:47.431Z
184,apples (no seeds),9.99,B00AR0TG44,https://www.amazon.com/dp/B00AR0TG44?tag=robinfrench-20,2025-12-12T20:53:16.660Z
185,"ground pork (lean, small amounts)",9.99,B01H0AI6J4,https://www.amazon.com/dp/B01H0AI6J4?tag=robinfrench-20,2025-12-12T20:56:28.611Z
186,eggshells (crushed),9.99,B004421K68,https://www.amazon.com/dp/B004421K68?tag=robinfrench-20,2025-12-12T21:06:22.464Z
187,pectin (from apples),9.99,B01CO69SYG,https://www.amazon.com/dp/B01CO69SYG?tag=robinfrench-20,2025-12-12T21:08:02.860Z
188,chicken sausage (no additives),9.49,B001JO4O80,https://www.amazon.com/dp/B001JO4O80?tag=robinfrench-20,2025-12-12T20:56:19.480Z
189,flaxseeds,8.99,B00JL2X39O,https://www.amazon.com/dp/B00JL2X39O?tag=robinfrench-20,2025-12-16T03:25:47.431Z
190,sesame seeds,8.99,B07ZYNJ43K,https://www.amazon.com/dp/B07ZYNJ43K?tag=robinfrench-20,2025-12-16T03:25:47.431Z
191,walnut oil,8.99,B00QGWLZ3C,https://www.amazon.com/dp/B00QGWLZ3C?tag=robinfrench-20,2025-12-12T20:56:38.038Z
192,sunflower oil,8.99,B00C11W8YW,https://www.amazon.com/dp/B00C11W8YW?tag=robinfrench-20,2025-12-16T03:25:47.431Z
193,wheat (hulled),8.99,B000YFB5NC,https://www.amazon.com/dp/B000YFB5NC?tag=robinfrench-20,2025-12-12T20:59:48.590Z
194,oat hay,8.99,B000WFKP80,https://www.amazon.com/dp/B000WFKP80?tag=robinfrench-20,2025-12-12T21:04:42.190Z
195,grasshoppers,8.98,B004HSQRG2,https://www.amazon.com/dp/B004HSQRG2?tag=robinfrench-20,2025-12-12T21:04:13.583Z
196,pears (no seeds),8.80,B0DYKVQ3XZ,https://www.amazon.com/dp/B0DYKVQ3XZ?tag=robinfrench-20,2025-12-12T21:03:54.777Z
197,artichokes,8.72,B0DF91JXND,https://www.amazon.com/dp/B0DF91JXND?tag=robinfrench-20,2025-12-12T21:01:40.510Z
198,amaranth (tiny amounts),8.49,B00028QE9C,https://www.amazon.com/dp/B00028QE9C?tag=robinfrench-20,2025-12-16T03:25:47.431Z
199,amaranth seeds,8.49,B00028QE9C,https://www.amazon.com/dp/B00028QE9C?tag=robinfrench-20,2025-12-16T03:25:47.431Z
200,oat groats,7.99,B000EDG52O,https://www.amazon.com/dp/B000EDG52O?tag=robinfrench-20,2025-12-16T03:25:47.431Z
201,strawberries,7.99,B002B8Z98W,https://www.amazon.com/dp/B002B8Z98W?tag=robinfrench-20,2025-12-12T20:53:25.843Z
202,"oatmeal (cooked, small amounts)",7.99,B000EDG52O,https://www.amazon.com/dp/B000EDG52O?tag=robinfrench-20,2025-12-16T03:25:47.431Z
203,calcium supplement,7.12,B0CKNK682W,https://www.amazon.com/dp/B0CKNK682W?tag=robinfrench-20,2025-12-12T20:58:17.738Z
204,chicken thighs,6.99,B0787YFWYB,https://www.amazon.com/dp/B0787YFWYB?tag=robinfrench-20,2025-12-12T20:47:17.992Z
205,turkey necks,6.99,B0FHJ6G2NZ,https://www.amazon.com/dp/B0FHJ6G2NZ?tag=robinfrench-20,2025-12-12T20:48:24.343Z
206,sage,6.99,B00BUSL1SO,https://www.amazon.com/dp/B00BUSL1SO?tag=robinfrench-20,2025-12-16T03:25:47.431Z
207,bok choi,6.99,B0FN4YGSK6,https://www.amazon.com/dp/B0FN4YGSK6?tag=robinfrench-20,2025-12-12T21:00:17.337Z
208,bok choy (small amounts),6.99,B0FN4YGSK6,https://www.amazon.com/dp/B0FN4YGSK6?tag=robinfrench-20,2025-12-12T21:00:21.875Z
209,ginger (small amounts),6.99,B0C6V3416T,https://www.amazon.com/dp/B0C6V3416T?tag=robinfrench-20,2025-12-12T21:02:49.197Z
210,locusts,6.62,B000CMKHBS,https://www.amazon.com/dp/B000CMKHBS?tag=robinfrench-20,2025-12-12T21:04:04.065Z
211,lamb's quarters,6.50,B0DYPHGW89,https://www.amazon.com/dp/B0DYPHGW89?tag=robinfrench-20,2025-12-12T21:02:39.924Z
212,mango,6.46,B00WM6CHFQ,https://www.amazon.com/dp/B00WM6CHFQ?tag=robinfrench-20,2025-12-12T20:53:30.365Z
213,chia seed oil,6.46,B00WM6CHFQ,https://www.amazon.com/dp/B00WM6CHFQ?tag=robinfrench-20,2025-12-12T20:56:56.757Z
214,chicken breast,6.22,B0787WTY4C,https://www.amazon.com/dp/B0787WTY4C?tag=robinfrench-20,2025-12-12T20:47:13.402Z
215,egg (hard-boiled),5.99,B0BWBNT8JX,https://www.amazon.com/dp/B0BWBNT8JX?tag=robinfrench-20,2025-12-12T20:53:53.442Z
216,cuttlebone,5.99,B0002AR0I2,https://www.amazon.com/dp/B0002AR0I2?tag=robinfrench-20,2025-12-16T03:25:47.431Z
217,duck hearts,5.99,B0BWBNT8JX,https://www.amazon.com/dp/B0BWBNT8JX?tag=robinfrench-20,2025-12-12T20:55:27.056Z
218,ground herring,5.99,B001EO5QRM,https://www.amazon.com/dp/B001EO5QRM?tag=robinfrench-20,2025-12-16T03:25:47.431Z
219,herring (canned),5.99,B001EO5QRM,https://www.amazon.com/dp/B001EO5QRM?tag=robinfrench-20,2025-12-16T03:25:47.431Z
220,purslane,5.99,B09MDXM2YQ,https://www.amazon.com/dp/B09MDXM2YQ?tag=robinfrench-20,2025-12-12T21:00:45.040Z
221,radicchio,5.99,B00BJPTZLA,https://www.amazon.com/dp/B00BJPTZLA?tag=robinfrench-20,2025-12-12T21:01:49.536Z
222,corn (fresh),5.79,B000REL738,https://www.amazon.com/dp/B000REL738?tag=robinfrench-20,2025-12-12T20:53:12.176Z
223,parsley,5.77,B0D8C4N4WY,https://www.amazon.com/dp/B0D8C4N4WY?tag=robinfrench-20,2025-12-12T20:49:53.478Z
224,brussels sprouts,5.49,B004DAQPR0,https://www.amazon.com/dp/B004DAQPR0?tag=robinfrench-20,2025-12-12T20:49:44.082Z
225,white rice,5.48,B00IDQY2PW,https://www.amazon.com/dp/B00IDQY2PW?tag=robinfrench-20,2025-12-12T20:48:33.750Z
226,asparagus,5.37,B07QV5G8HY,https://www.amazon.com/dp/B07QV5G8HY?tag=robinfrench-20,2025-12-12T20:49:48.630Z
227,dried grass,5.29,B0002DK8OI,https://www.amazon.com/dp/B0002DK8OI?tag=robinfrench-20,2025-12-12T21:04:56.470Z
228,blueberries,5.00,,,2025-12-16T03:25:47.431Z
229,turkey thighs,4.99,B00AR100NE,https://www.amazon.com/dp/B00AR100NE?tag=robinfrench-20,2025-12-12T20:55:46.270Z
230,cauliflower,4.99,B000P6G0GM,https://www.amazon.com/dp/B000P6G0GM?tag=robinfrench-20,2025-12-12T21:05:44.196Z
231,spinach,4.98,B0013ABAJG,https://www.amazon.com/dp/B0013ABAJG?tag=robinfrench-20,2025-12-12T20:49:21.085Z
232,turkey sausage (no additives),4.97,B00I2VLI5A,https://www.amazon.com/dp/B00I2VLI5A?tag=robinfrench-20,2025-12-12T20:56:24.001Z
233,yellow squash,4.94,B08QVBFGDC,https://www.amazon.com/dp/B08QVBFGDC?tag=robinfrench-20,2025-12-12T21:01:13.363Z
234,mustard greens,4.79,B094JT2CCH,https://www.amazon.com/dp/B094JT2CCH?tag=robinfrench-20,2025-12-12T20:50:30.265Z
235,sardines (canned in water),4.49,B001EO5QW8,https://www.amazon.com/dp/B001EO5QW8?tag=robinfrench-20,2025-12-16T03:25:47.431Z
236,zucchini,4.49,B07Q9WV1LY,https://www.amazon.com/dp/B07Q9WV1LY?tag=robinfrench-20,2025-12-12T20:49:30.767Z
237,lettuce (romaine),4.49,B0F3YTY4XQ,https://www.amazon.com/dp/B0F3YTY4XQ?tag=robinfrench-20,2025-12-12T20:50:02.405Z
238,romaine lettuce,4.49,B0F3YTY4XQ,https://www.amazon.com/dp/B0F3YTY4XQ?tag=robinfrench-20,2025-12-12T20:55:12.887Z
239,red leaf lettuce,4.49,B0BX76BG5V,https://www.amazon.com/dp/B0BX76BG5V?tag=robinfrench-20,2025-12-12T21:02:16.673Z
240,hamster pellets (higher protein),4.49,B0053SYJVA,https://www.amazon.com/dp/B0053SYJVA?tag=robinfrench-20,2025-12-12T21:05:20.304Z
241,new zealand spinach,4.49,B0C8VD126M,https://www.amazon.com/dp/B0C8VD126M?tag=robinfrench-20,2025-12-12T21:07:38.722Z
242,sardines (in water),4.49,B001EO5QW8,https://www.amazon.com/dp/B001EO5QW8?tag=robinfrench-20,2025-12-16T03:25:47.431Z
243,mint,4.48,B097F3NT7N,https://www.amazon.com/dp/B097F3NT7N?tag=robinfrench-20,2025-12-12T21:03:08.008Z
244,kiwi,4.48,B01LASWK7G,https://www.amazon.com/dp/B01LASWK7G?tag=robinfrench-20,2025-12-12T21:03:31.814Z
245,turnip greens,4.41,B09HQH6WZT,https://www.amazon.com/dp/B09HQH6WZT?tag=robinfrench-20,2025-12-12T20:50:34.689Z
246,mache,4.39,B00AWLAQFG,https://www.amazon.com/dp/B00AWLAQFG?tag=robinfrench-20,2025-12-12T21:02:21.348Z
247,regular potato,4.15,B09SHBJWBR,https://www.amazon.com/dp/B09SHBJWBR?tag=robinfrench-20,2025-12-12T20:56:33.292Z
248,eggs,4.00,,,2025-12-16T03:25:47.431Z
249,apricots (pitted),4.00,,,2025-12-16T03:25:47.431Z
250,arugula,3.99,B00JXR8RYW,https://www.amazon.com/dp/B00JXR8RYW?tag=robinfrench-20,2025-12-12T20:50:06.919Z
251,crickets,3.99,B000YFGS52,https://www.amazon.com/dp/B000YFGS52?tag=robinfrench-20,2025-12-12T20:54:21.586Z
252,leeks,3.99,B09HQJGQDG,https://www.amazon.com/dp/B09HQJGQDG?tag=robinfrench-20,2025-12-12T21:01:17.884Z
253,shallots,3.99,B09B2ZWHKQ,https://www.amazon.com/dp/B09B2ZWHKQ?tag=robinfrench-20,2025-12-12T21:01:22.358Z
254,"lettuce (romaine, small amounts)",3.99,B074H5J9G2,https://www.amazon.com/dp/B074H5J9G2?tag=robinfrench-20,2025-12-12T21:02:12.166Z
255,snap peas,3.99,B077L6C7YB,https://www.amazon.com/dp/B077L6C7YB?tag=robinfrench-20,2025-12-12T21:08:40.695Z
256,watercress,3.99,B0BSK8P8KS,https://www.amazon.com/dp/B0BSK8P8KS?tag=robinfrench-20,2025-12-12T21:09:26.582Z
257,watercress (small amounts),3.99,B0BSK8P8KS,https://www.amazon.com/dp/B0BSK8P8KS?tag=robinfrench-20,2025-12-12T21:09:31.021Z
258,green cabbage,3.98,B09HQGDCKV,https://www.amazon.com/dp/B09HQGDCKV?tag=robinfrench-20,2025-12-12T21:01:58.558Z
259,napa cabbage,3.96,B07FTVYNM3,https://www.amazon.com/dp/B07FTVYNM3?tag=robinfrench-20,2025-12-12T21:01:31.424Z
260,grapes (chopped),3.50,B000RGYJI6,https://www.amazon.com/dp/B000RGYJI6?tag=robinfrench-20,2025-12-12T20:53:39.458Z
261,pineapple (small amounts),3.49,B000P6L3V4,https://www.amazon.com/dp/B000P6L3V4?tag=robinfrench-20,2025-12-12T21:03:50.298Z
262,tomatoes (small amounts),3.06,B086WX15TH,https://www.amazon.com/dp/B086WX15TH?tag=robinfrench-20,2025-12-12T21:01:26.909Z
263,garlic chives,3.00,B097F3J1PY,https://www.amazon.com/dp/B097F3J1PY?tag=robinfrench-20,2025-12-12T21:03:12.540Z
264,brown rice,2.99,B072JNNB33,https://www.amazon.com/dp/B072JNNB33?tag=robinfrench-20,2025-12-12T20:48:29.023Z
265,green peas,2.99,B074H4SHTD,https://www.amazon.com/dp/B074H4SHTD?tag=robinfrench-20,2025-12-12T20:49:11.915Z
266,carrots,2.99,B074H64BPW,https://www.amazon.com/dp/B074H64BPW?tag=robinfrench-20,2025-12-12T20:49:16.499Z
267,fennel,2.99,B00E3J6RC4,https://www.amazon.com/dp/B00E3J6RC4?tag=robinfrench-20,2025-12-12T21:01:04.302Z
268,swiss chard,2.99,B07F12P248,https://www.amazon.com/dp/B07F12P248?tag=robinfrench-20,2025-12-12T21:02:03.086Z
269,"swiss chard (cooked, tiny amounts)",2.99,B07F12P248,https://www.amazon.com/dp/B07F12P248?tag=robinfrench-20,2025-12-12T21:02:07.730Z
270,eggplant,2.99,B001PLGQPQ,https://www.amazon.com/dp/B001PLGQPQ?tag=robinfrench-20,2025-12-12T21:06:17.448Z
271,rice (hulled),2.99,B072JNNB33,https://www.amazon.com/dp/B072JNNB33?tag=robinfrench-20,2025-12-12T21:08:21.670Z
272,raspberries,2.59,B000P6G12U,https://www.amazon.com/dp/B000P6G12U?tag=robinfrench-20,2025-12-12T21:03:41.252Z
273,melon,2.57,B000NSGULC,https://www.amazon.com/dp/B000NSGULC?tag=robinfrench-20,2025-12-12T20:53:48.451Z
274,radish greens,2.49,B07CHNV4S1,https://www.amazon.com/dp/B07CHNV4S1?tag=robinfrench-20,2025-12-12T20:50:43.808Z
275,papaya,2.39,B07FZ159ZB,https://www.amazon.com/dp/B07FZ159ZB?tag=robinfrench-20,2025-12-12T20:53:44.000Z
276,cucumber,1.99,B001PLETDC,https://www.amazon.com/dp/B001PLETDC?tag=robinfrench-20,2025-12-12T20:49:57.862Z
277,acorn squash,1.99,B07FZ34ZS4,https://www.amazon.com/dp/B07FZ34ZS4?tag=robinfrench-20,2025-12-12T20:54:44.492Z
278,delicata squash,1.99,B07KHH8K4L,https://www.amazon.com/dp/B07KHH8K4L?tag=robinfrench-20,2025-12-12T21:01:08.746Z
279,napa cabbage (small amounts),1.99,B079VV1K9L,https://www.amazon.com/dp/B079VV1K9L?tag=robinfrench-20,2025-12-12T21:01:35.907Z
280,red cabbage,1.99,B000RH1MXK,https://www.amazon.com/dp/B000RH1MXK?tag=robinfrench-20,2025-12-12T21:01:54.104Z
281,squash (cooked),1.99,B002QY3U5A,https://www.amazon.com/dp/B002QY3U5A?tag=robinfrench-20,2025-12-12T21:02:35.236Z
282,kidney beans (mashed),1.59,B00552005I,https://www.amazon.com/dp/B00552005I?tag=robinfrench-20,2025-12-12T21:00:31.008Z
283,"kidney beans (mashed, tiny amounts)",1.59,B00552005I,https://www.amazon.com/dp/B00552005I?tag=robinfrench-20,2025-12-12T21:00:35.581Z
284,basil,1.50,B097F282FC,https://www.amazon.com/dp/B097F282FC?tag=robinfrench-20,2025-12-12T20:55:22.415Z
285,bell peppers,1.49,B000P6J14K,https://www.amazon.com/dp/B000P6J14K?tag=robinfrench-20,2025-12-12T20:53:07.717Z
286,banana,1.49,B07ZLFKBFD,https://www.amazon.com/dp/B07ZLFKBFD?tag=robinfrench-20,2025-12-12T20:53:34.963Z
287,navy beans (mashed),1.39,B006AZE13G,https://www.amazon.com/dp/B006AZE13G?tag=robinfrench-20,2025-12-12T21:00:26.427Z